Workbook

Sheet 담당자
B1: 현업팀 담당자
B2: Upated Date | C2: 260805
B4: 팀 명 | C4: 현업팀 담당자 | E4: 소재개발 AX팀 담당자 | F4: 1차 조사 자료 공유 및 보완 사항 공유 일자 | G4: 비고 | H4: Status ('260805) | I4: 검토 요청 사항
B5: 리사이클팀 | C5: 노태종 선임 | D5: 010-3858-7060 | E5: 박세호 님 | F5: TBD | H5: 미회신 | I5: (공통) Level 2,3,4는 모두 기입필요
B6: 양극재 1팀 | C6: 최재윤 사원 | D6: 010-2717-2841 | E6: 박세호 님 | F6: 7/29_09:00 ~ 09:30 | G6: 담당자 변경 ('26.07.30) | H6: 8/3 회신 (메일 회신) | I6: (공통) Level 2,3,4는 모두 기입필요 level 2,3 점검 (세분화 필요), 진구님 수정 버전 미반영
B7: 양극재 2팀 | C7: 오수연 선임 | D7: 010-7751-6959 | E7: 김진구 님 | F7: 7/29_미정 | H7: 8/3 회신 (팀즈 회신) | I7: (공통) Level 2,3,4는 모두 기입필요 H 열 ~ P 열 미 작성 (업데이트 필요)
B8: 양극재 3팀 | C8: 권승혁 책임 | D8: 010-5558-9852 | E8: 김진구 님 | F8: TBD | H8: 미회신 | I8: (공통) Level 2,3,4는 모두 기입필요
B9: 전구체 팀 | C9: 정해인 선임 | D9: 010-5656-7857 | E9: 임한민 님 | F9: 7/29_09:00 ~ 09:30 | H9: 8/5 회신 (메일 회신) | I9: (공통) Level 2,3,4는 모두 기입필요 현행 기준 Manhour(MH) 와 과제별 MH 수치가 상이함 기대 실험 수준 미작성 (U~W열) I열 ~ M열 미작성
B10: 양극재 선행팀 | C10: 신승순 선임 | D10: 010-8456-5611 | E10: 임한민 님 | F10: 7/29_09:00 ~ 09:30 | H10: 8/5 팀즈에 업로드 (임현민 님) | I10: (공통) Level 2,3,4는 모두 기입필요 현행 기준 MH와 각 과제별 MH 점검 (Q, 과제별 동일한 MH 이고 (Z~AS) 모두 합한 값이 현행 기준 MH(Q~T)인가?) 기대 실험 수준 미작성 (U~W열)
B11: 음극재 1팀 | C11: 신선영 책임 | D11: 010-7164-6404 | E11: 임가현 님 | F11: 7/29_09:30 ~ 10:00 | I11: (공통) Level 2,3,4는 모두 기입필요 과제별 MH 미작성 (양식 누락) (기존 양식의 Z ~ AS열)
B12: 음극재 2팀 | C12: 이수민 책임 | D12: 010-4377-5582 | E12: 임가현 님 | F12: 7/29_09:30 ~ 10:00 | I12: (공통) Level 2,3,4는 모두 기입필요 K열 ~ O열 정보 미흡 (추가 작성 필요) 과제별 MH 미작성 (양식 누락) (기존 양식의 Z ~ AS열)
B13: 전해질 1팀 | C13: 안성모 책임 | D13: 010-2365-6960 | E13: 안경호 님 | F13: 7/31_미정 | H13: 미회신 | I13: (공통) Level 2,3,4는 모두 기입필요
B14: 전해질 2팀 | C14: 문성진 선임 | D14: 010-4516-9882 | E14: 안경호 님 | F14: 7/31_미정 | H14: 미회신 | I14: (공통) Level 2,3,4는 모두 기입필요
B15: 분리막 1팀 | C15: 이용희 책임 | D15: 010-2017-4435 | E15: 방기력 님 | F15: 7/29_10:00 ~ 10:30 | H15: 미회신 | I15: (공통) Level 2,3,4는 모두 기입필요
B16: 분리막 2팀 | C16: 이지수 책임 | D16: 010-7499-5790 | E16: 방기력 님 | F16: 7/29_10:00 ~ 10:30 | H16: 미회신 | I16: (공통) Level 2,3,4는 모두 기입필요
B17: 파우치형부품팀 | C17: 김히나 책임 | D17: 010-3683-9089 | E17: 맹한솔 님 | F17: 8월 1주차 진행 | H17: 1차 작성 | I17: (공통) Level 2,3,4는 모두 기입필요 현업팀 점검 및 2차 작성요청 필요
B18: 요소소재팀 | C18: 미정 | D18: - | E18: 임현민 님 + α | F18: 8월 2주차 이후 진행 | G18: 담당자 지정 요청 / 신규 정의 필요 | H18: - | I18: (공통) Level 2,3,4는 모두 기입필요

Sheet Sheet6
E2: 100000 | F2: 100000 | H2: 100000000 | I2: 100000000
A3: 행 레이블 | B3: 합계 : Total [hrs] | C3: 합계 : 기대실험 Total [hrs] | H3: 현행 [억원] | I3: 기대실험 [억원] | N3: 현행 [억원] | O3: 기대실험 [억원]
A4: 리사이클 | B4: 5379.6 | C4: 7113.6 | E4: =B4*$E$2 -> 537960000 | F4: =C4*$F$2 -> 7.1136e+08 | H4: =E4/$I$2 -> 5.3796 | I4: =F4/$I$2 -> 7.1136 | M4: =A4 -> 리사이클 | N4: =H4 -> 5.3796 | O4: =I4 -> 7.1136 | P4: =O4/N4 -> 1.3223288
A5: 분리막 1팀 | B5: 15654.98 | C5: 112323.75 | E5: =B5*$E$2 -> 1.565498e+09 | F5: =C5*$F$2 -> 1.1232375e+10 | H5: =E5/$I$2 -> 15.65498 | I5: =F5/$I$2 -> 112.32375 | M5: =A5 -> 분리막 1팀 | N5: =H5 -> 15.65498 | O5: =I5 -> 112.32375 | P5: =O5/N5 -> 7.1749532 | Q5: =P5/2.4 -> 2.9895638 | S5: 185 | T5: 282 | U5: =T5/S5 -> 1.5243243
A6: 분리막 2팀 | B6: 29029.883 | C6: 81081.111 | E6: =B6*$E$2 -> 2.9029883e+09 | F6: =C6*$F$2 -> 8.1081111e+09 | H6: =E6/$I$2 -> 29.029883 | I6: =F6/$I$2 -> 81.081111 | M6: =A6 -> 분리막 2팀 | N6: =H6 -> 29.029883 | O6: =I6 -> 81.081111 | P6: =O6/N6 -> 2.7930223
A7: 양극재1팀 | B7: 9584.28 | C7: 19137.24 | E7: =B7*$E$2 -> 9.58428e+08 | F7: =C7*$F$2 -> 1.913724e+09 | H7: =E7/$I$2 -> 9.58428 | I7: =F7/$I$2 -> 19.13724 | M7: =A7 -> 양극재1팀 | N7: =H7 -> 9.58428 | O7: =I7 -> 19.13724 | P7: =O7/N7 -> 1.9967321
A8: 양극재2팀 | B8: 8500.8 | C8: 33528 | E8: =B8*$E$2 -> 8.5008e+08 | F8: =C8*$F$2 -> 3352800000 | H8: =E8/$I$2 -> 8.5008 | I8: =F8/$I$2 -> 33.528 | M8: =A8 -> 양극재2팀 | N8: =H8 -> 8.5008 | O8: =I8 -> 33.528 | P8: =O8/N8 -> 3.9440994
A9: 양극재3팀 | B9: 7941.84 | C9: 17417.76 | E9: =B9*$E$2 -> 7.94184e+08 | F9: =C9*$F$2 -> 1.741776e+09 | H9: =E9/$I$2 -> 7.94184 | I9: =F9/$I$2 -> 17.41776 | M9: =A9 -> 양극재3팀 | N9: =H9 -> 7.94184 | O9: =I9 -> 17.41776 | P9: =O9/N9 -> 2.1931643
A10: 양극재선행 | B10: 8365.32 | C10: 12547.98 | E10: =B10*$E$2 -> 8.36532e+08 | F10: =C10*$F$2 -> 1.254798e+09 | H10: =E10/$I$2 -> 8.36532 | I10: =F10/$I$2 -> 12.54798 | M10: =A10 -> 양극재선행 | N10: =H10 -> 8.36532 | O10: =I10 -> 12.54798 | P10: =O10/N10 -> 1.5
A11: 음극재 1팀 | B11: 5788.0176 | C11: 15566.749 | E11: =B11*$E$2 -> 5.7880176e+08 | F11: =C11*$F$2 -> 1.5566749e+09 | H11: =E11/$I$2 -> 5.7880176 | I11: =F11/$I$2 -> 15.566749 | M11: =A11 -> 음극재 1팀 | N11: =H11 -> 5.7880176 | O11: =I11 -> 15.566749 | P11: =O11/N11 -> 2.6894786
A12: 음극재 2팀 | B12: 11560.272 | C12: 15697.884 | E12: =B12*$E$2 -> 1156027200 | F12: =C12*$F$2 -> 1.5697884e+09 | H12: =E12/$I$2 -> 11.560272 | I12: =F12/$I$2 -> 15.697884 | M12: =A12 -> 음극재 2팀 | N12: =H12 -> 11.560272 | O12: =I12 -> 15.697884 | P12: =O12/N12 -> 1.3579165
A13: 전구체 | B13: 10396.8 | C13: 12487.68 | E13: =B13*$E$2 -> 1.03968e+09 | F13: =C13*$F$2 -> 1.248768e+09 | H13: =E13/$I$2 -> 10.3968 | I13: =F13/$I$2 -> 12.48768 | M13: =A13 -> 전구체 | N13: =H13 -> 10.3968 | O13: =I13 -> 12.48768 | P13: =O13/N13 -> 1.201108
A14: 전해질 1팀 | B14: 13540.08 | C14: 33398.4 | E14: =B14*$E$2 -> 1.354008e+09 | F14: =C14*$F$2 -> 3.33984e+09 | H14: =E14/$I$2 -> 13.54008 | I14: =F14/$I$2 -> 33.3984 | M14: =A14 -> 전해질 1팀 | N14: =H14 -> 13.54008 | O14: =I14 -> 33.3984 | P14: =O14/N14 -> 2.4666324
A15: 전해질 2팀 | B15: 15912.48 | C15: 28046.4 | E15: =B15*$E$2 -> 1591248000 | F15: =C15*$F$2 -> 2804640000 | H15: =E15/$I$2 -> 15.91248 | I15: =F15/$I$2 -> 28.0464 | M15: =A15 -> 전해질 2팀 | N15: =H15 -> 15.91248 | O15: =I15 -> 28.0464 | P15: =O15/N15 -> 1.7625411
A16: 총합계 | B16: 141654.35 | C16: 388346.55 | E16: =B16*$E$2 -> 1.4165435e+10 | F16: =C16*$F$2 -> 3.8834655e+10 | H16: =E16/$I$2 -> 141.65435 | I16: =F16/$I$2 -> 388.34655 | M16: =A16 -> 총합계 | N16: =H16 -> 141.65435 | O16: =I16 -> 388.34655 | P16: =O16/N16 -> 2.7415081
E17: =B17*$E$2 -> 0 | F17: =C17*$F$2 -> 0 | H17: =E17/$I$2 -> 0 | I17: =F17/$I$2 -> 0 | M17: =A17 -> 0 | N17: =H17 -> 0 | O17: =I17 -> 0 | P17: =O17/N17 -> #DIV/0!
E18: =B18*$E$2 -> 0 | F18: =C18*$F$2 -> 0 | H18: =E18/$I$2 -> 0 | I18: =F18/$I$2 -> 0 | M18: =A18 -> 0 | N18: =H18 -> 0 | O18: =I18 -> 0 | P18: =O18/N18 -> #DIV/0!
E19: =B19*$E$2 -> 0 | F19: =C19*$F$2 -> 0 | H19: =E19/$I$2 -> 0 | I19: =F19/$I$2 -> 0 | M19: =A19 -> 0 | N19: =H19 -> 0 | O19: =I19 -> 0 | P19: =O19/N19 -> #DIV/0!
E20: =B20*$E$2 -> 0 | F20: =C20*$F$2 -> 0 | H20: =E20/$I$2 -> 0 | I20: =F20/$I$2 -> 0 | M20: =A20 -> 0 | N20: =H20 -> 0 | O20: =I20 -> 0 | P20: =O20/N20 -> #DIV/0!
E21: =B21*$E$2 -> 0 | F21: =C21*$F$2 -> 0 | H21: =E21/$I$2 -> 0 | I21: =F21/$I$2 -> 0 | M21: =A21 -> 0 | N21: =H21 -> 0 | O21: =I21 -> 0 | P21: =O21/N21 -> #DIV/0!
E22: =B22*$E$2 -> 0 | F22: =C22*$F$2 -> 0 | H22: =E22/$I$2 -> 0 | I22: =F22/$I$2 -> 0 | M22: =A22 -> 0 | N22: =H22 -> 0 | O22: =I22 -> 0 | P22: =O22/N22 -> #DIV/0!
E23: =B23*$E$2 -> 0 | F23: =C23*$F$2 -> 0 | H23: =E23/$I$2 -> 0 | I23: =F23/$I$2 -> 0 | M23: =A23 -> 0 | N23: =H23 -> 0 | O23: =I23 -> 0 | P23: =O23/N23 -> #DIV/0!
E24: =B24*$E$2 -> 0 | F24: =C24*$F$2 -> 0 | H24: =E24/$I$2 -> 0 | I24: =F24/$I$2 -> 0 | M24: =A24 -> 0 | N24: =H24 -> 0 | O24: =I24 -> 0 | P24: =O24/N24 -> #DIV/0!
E25: =B25*$E$2 -> 0 | F25: =C25*$F$2 -> 0 | H25: =E25/$I$2 -> 0 | I25: =F25/$I$2 -> 0 | M25: =A25 -> 0 | N25: =H25 -> 0 | O25: =I25 -> 0 | P25: =O25/N25 -> #DIV/0!
E26: =B26*$E$2 -> 0 | F26: =C26*$F$2 -> 0 | H26: =E26/$I$2 -> 0 | I26: =F26/$I$2 -> 0 | M26: =A26 -> 0 | N26: =H26 -> 0 | O26: =I26 -> 0 | P26: =O26/N26 -> #DIV/0!
E27: =B27*$E$2 -> 0 | F27: =C27*$F$2 -> 0 | H27: =E27/$I$2 -> 0 | I27: =F27/$I$2 -> 0 | M27: =A27 -> 0 | N27: =H27 -> 0 | O27: =I27 -> 0 | P27: =O27/N27 -> #DIV/0!
E28: =B28*$E$2 -> 0 | F28: =C28*$F$2 -> 0 | H28: =E28/$I$2 -> 0 | I28: =F28/$I$2 -> 0 | M28: =A28 -> 0 | N28: =H28 -> 0 | O28: =I28 -> 0 | P28: =O28/N28 -> #DIV/0!
... E202: =B202*$E$2 -> 0 | F202: =C202*$F$2 -> 0 | H202: =E202/$I$2 -> 0 | I202: =F202/$I$2 -> 0 | M202: =A202 -> 0 | N202: =H202 -> 0 | O202: =I202 -> 0 | P202: =O202/N202 -> #DIV/0!

Sheet 소재개발 실험항목_Total_AX팀 관리
AD1: ※ 수행 과제별 M/M 산출 필요 시, 과제별 분류
F2: ↓ Level 2 분류 업데이트 후 Level 분류 쉬트에 내용 기입 | G2: ↓ 해당 실험의 목적을 기재 | H2: ↓ 각 실험 & 실험의 목적별 프로토콜 기입 | O2: ↓'260902_Data mapping 요청 | X2: ↓기대실험 횟수만 입력 | Y2: ↓자동 산출 (수정 x) | AD2: Manpower (현재 수행 실험 기준)
D3: LEVEL 0 | E3: LEVEL 1 | F3: LEVEL 2 | G3: LEVEL3 | H3: LEVEL4 | I3: LEVEL5 | K3: DOE | M3: 설비제어값 | N3: DATA List (for gathering) | P3: 각 단계별 의사 결정 시점 | R3: Manpower (현재 수행 실험 기준) | W3: Manpower (자동화 구현 시, 기대실험 기준 ) | Z3: 단위 실험 산출 기준 | AA3: 자동화 우선순위 | AD3: Manpower (핵심과제기준) | AI3: Manpower (주요과제기준) | AN3: Manpower (기반과제기준) | AS3: Manpower (시드과제기준)
B4: 분류 | C4: 팀명 | D4: 실험 분류 | E4: 공정 | F4: 실험/분석법 상세 | G4: 실험 목적 | H4: Process step or SOP | I4: 상세 설명 (필요시 기입) | J4: 주요 설비 | K4: x 값 List (실험인자, 영향인자, 변수) | L4: y 값 List (결과값 or 목표) | M4: 항목/SV | N4: Data (Input) 단위 실험에서 입력해야 하는 data 존재 시 기입 | O4: Data (취합 data list) ex, MDS data list 등 | P4: 유/무 (O/X) | Q4: 의사 결정자 (휴먼/기계) | R4: 수행 주체 (연구원/도급/외주) | S4: 수행 인원 [명/회] | T4: 소요 시간 [시간/회] | U4: 수행 빈도수 [회/월] | V4: Total [hrs] | W4: 소요 시간 [시간/회] | X4: 수행 빈도수 [회/월] | Y4: 기대실험 Total [hrs] | Z4: [variable/회] | AA4: O/X (x순위) | AB4: 비고 | AD4: 수행 주체 (연구원/도급/외주) | AE4: 수행 인원 [명/회] | AF4: 소요 시간 [시간/회] | AG4: 수행 빈도수 [회/월] | AH4: Total [hrs] | AI4: 수행 주체 (연구원/도급/외주) | AJ4: 수행 인원 [명/회] | AK4: 소요 시간 [시간/회] | AL4: 수행 빈도수 [회/월] | AM4: Total [hrs] | AN4: 수행 주체 (연구원/도급/외주) | AO4: 수행 인원 [명/회] | AP4: 소요 시간 [시간/회] | AQ4: 수행 빈도수 [회/월] | AR4: Total [hrs] | AS4: 수행 주체 (연구원/도급/외주) | AT4: 수행 인원 [명/회] | AU4: 소요 시간 [시간/회] | AV4: 수행 빈도수 [회/월] | AW4: Total [hrs]
A5: 1 | B5: 양극재기술 | C5: 양극재1팀 | D5: 분석/측정 실험 | E5: 활물질 분석 | F5: PSD 분석 | G5: 입도 분석 | H5: 샘플링 | I5: 장비 세팅 분산제 투입 (10방울) 및 measure background 클릭 | J5: Malvern mastersize, 스포이드, spatula | K5: 입자 크기 | L5: 분포량 | M5: 소재 type (NCM 2.2) 초음파 처리 조건 (1500rpm 70%) 입자 검출 범위 | N5: 소재 type | R5: 연구원 | S5: 1 | T5: 0.25 | U5: 100 | V5: =S5*T5*U5*12 -> 300 | W5: 0.25 | X5: 120 | Y5: =S5*T5*X5*12 -> 360 | Z5: 1소재, 3회 | AE5: 1 | AF5: 0.15 | AG5: 60 | AH5: =AE5*AF5*AG5*12 -> 108 | AJ5: 1 | AK5: 0.15 | AL5: 60 | AM5: =AJ5*AK5*AL5*12 -> 108 | AO5: 1 | AP5: 0.15 | AQ5: 60 | AR5: =AO5*AP5*AQ5*12 -> 108 | AT5: 1 | AU5: 0.15 | AV5: 60 | AW5: =AT5*AU5*AV5*12 -> 108
A6: 2 | B6: 양극재기술 | C6: 양극재1팀 | D6: 분석/측정 실험 | E6: 활물질 분석 | F6: PSD 분석 | G6: 입도 분석 | H6: 외부 초음파 | I6: 파우더 전처리 파우더 투입 후 초음파 처리 (소듐 양극재의 경우 파우더와 분산제 미리 혼합하여 선분산액 제조 필요) | R6: 연구원 | Y6: =S6*T6*X6*12 -> 0 | AE6: 1 | AF6: 0.3 | AG6: 4 | AH6: =AE6*AF6*AG6*12 -> 14.4 | AJ6: 1 | AK6: 0.3 | AL6: 4 | AM6: =AJ6*AK6*AL6*12 -> 14.4 | AO6: 1 | AP6: 0.3 | AQ6: 4 | AR6: =AO6*AP6*AQ6*12 -> 14.4 | AT6: 1 | AU6: 0.3 | AV6: 4 | AW6: =AT6*AU6*AV6*12 -> 14.4
A7: 3 | B7: 양극재기술 | C7: 양극재1팀 | D7: 분석/측정 실험 | E7: 활물질 분석 | F7: PSD 분석 | G7: 입도 분석 | H7: 입도 측정 | I7: 측정 (3회) | R7: 연구원 | Y7: =S7*T7*X7*12 -> 0 | AH7: =AE7*AF7*AG7*12 -> 0 | AM7: =AJ7*AK7*AL7*12 -> 0 | AR7: =AO7*AP7*AQ7*12 -> 0 | AW7: =AT7*AU7*AV7*12 -> 0
A8: 4 | B8: 양극재기술 | C8: 양극재1팀 | D8: 분석/측정 실험 | E8: 활물질 분석 | F8: PSD 분석 | G8: 입도 분석 | H8: 장비 세척 | I8: 측정 장비를 세척한다. | R8: 연구원 | Y8: =S8*T8*X8*12 -> 0 | AH8: =AE8*AF8*AG8*12 -> 0 | AM8: =AJ8*AK8*AL8*12 -> 0 | AR8: =AO8*AP8*AQ8*12 -> 0 | AW8: =AT8*AU8*AV8*12 -> 0
A9: 5 | B9: 양극재기술 | C9: 양극재1팀 | D9: 분석/측정 실험 | E9: 활물질 분석 | F9: PSD 분석 | G9: 입도 분석 | H9: Data 정리 | I9: Data 추출 (vol. /Num. 기준 각각) 및 정리/그래프 그리기, (측정 및 클리닝에 사용되는 폐수 주기적으로 별도 폐기 필요) | O9: 실험일자, 실험장비, 실험조건, dmin, d10, d50, d90, dmax, Span, 1um 이하 미분 (Vol. Num. 기준 각각) 5회 측정 값 및 평균값 각각 도출 전체 입도 분포 그래프 | R9: 연구원 | S9: 1 | T9: 0.3 | U9: 36 | V9: =S9*T9*U9*12 -> 129.6 | W9: 0.3 | X9: 50 | Y9: =S9*T9*X9*12 -> 180 | Z9: 1소재, 1회 | AB9: 평균 이용 | AH9: =AE9*AF9*AG9*12 -> 0 | AM9: =AJ9*AK9*AL9*12 -> 0 | AR9: =AO9*AP9*AQ9*12 -> 0 | AW9: =AT9*AU9*AV9*12 -> 0
A10: 6 | B10: 양극재기술 | C10: 양극재1팀 | D10: 분석/측정 실험 | E10: 활물질 분석 | F10: BET 측정 | G10: 입도 분석 | H10: 업체 데이터 사용중 | I10: 업체 데이터 사용중 | O10: 비표면적, 기공구조 | R10: 외주 | S10: 0 | T10: 0 | U10: 0 | V10: =S10*T10*U10*12 -> 0 | W10: 0 | X10: 0 | Y10: =S10*T10*X10*12 -> 0 | AB10: 업체에서 측정한 데이터 사용 | AE10: 1 | AF10: 0.25 | AG10: 60 | AH10: =AE10*AF10*AG10*12 -> 180 | AJ10: 1 | AK10: 0.25 | AL10: 60 | AM10: =AJ10*AK10*AL10*12 -> 180 | AO10: 1 | AP10: 0.25 | AQ10: 60 | AR10: =AO10*AP10*AQ10*12 -> 180 | AT10: 1 | AU10: 0.25 | AV10: 60 | AW10: =AT10*AU10*AV10*12 -> 180
A11: 7 | B11: 양극재기술 | C11: 양극재1팀 | D11: 분석/측정 실험 | E11: 활물질 분석 | F11: Tap 밀도 분석 (수직식) | G11: Tap 밀도 분석 | H11: 업체 데이터 사용중 | I11: 업체 데이터 사용중 | R11: 외주 | S11: 0 | T11: 0 | U11: 0 | V11: =S11*T11*U11*12 -> 0 | W11: 0 | X11: 0 | Y11: =S11*T11*X11*12 -> 0 | AB11: 업체에서 측정한 데이터 사용 | AH11: =AE11*AF11*AG11*12 -> 0 | AM11: =AJ11*AK11*AL11*12 -> 0 | AR11: =AO11*AP11*AQ11*12 -> 0 | AW11: =AT11*AU11*AV11*12 -> 0
A12: 8 | B12: 양극재기술 | C12: 양극재1팀 | D12: 분석/측정 실험 | E12: 활물질 분석 | F12: Pellet density 분석 | G12: 압연밀도 (이차입자: 2ton, 단결정: 9ton) 측정 | H12: 장비 세팅 | I12: 장비세팅 장비에 빈 몰드 로딩 뒤 원점 측정. (같은 몰드 사용한 연속측정 시 본 step 생략) | J12: 2ton PD: 분체저항측정기 (HPRM-AM2) 9ton PD: Hantech Auto Lab Press | K12: 압력 | L12: pallet 밀도 혹은 두께 | M12: 유지시간 3s 초기 시료 무게 3g 원점 (22.2~22.4) | N12: 시료 초기 무게, 설정 압력 | R12: 연구원 | S12: 1 | T12: 0.25 | U12: 100 | V12: =S12*T12*U12*12 -> 300 | W12: 0.25 | X12: 120 | Y12: =S12*T12*X12*12 -> 360 | Z12: 1소재, 1회 | AE12: 1 | AF12: 0.15 | AG12: 60 | AH12: =AE12*AF12*AG12*12 -> 108 | AJ12: 1 | AK12: 0.15 | AL12: 60 | AM12: =AJ12*AK12*AL12*12 -> 108 | AO12: 1 | AP12: 0.15 | AQ12: 60 | AR12: =AO12*AP12*AQ12*12 -> 108 | AT12: 1 | AU12: 0.15 | AV12: 60 | AW12: =AT12*AU12*AV12*12 -> 108
A13: 9 | B13: 양극재기술 | C13: 양극재1팀 | D13: 분석/측정 실험 | E13: 활물질 분석 | F13: Pellet density 분석 | G13: 압연밀도 (이차입자: 2ton, 단결정: 9ton) 측정 | H13: 무게 측정 | I13: 계량 몰드 회수 후 파우더 계량 (2ton: 5.0g, 9ton: 3.0g) | R13: 연구원 | Y13: =S13*T13*X13*12 -> 0 | AE13: 1 | AF13: 0.1 | AG13: 60 | AH13: =AE13*AF13*AG13*12 -> 72 | AJ13: 1 | AK13: 0.1 | AL13: 60 | AM13: =AJ13*AK13*AL13*12 -> 72 | AO13: 1 | AP13: 0.1 | AQ13: 60 | AR13: =AO13*AP13*AQ13*12 -> 72 | AT13: 1 | AU13: 0.1 | AV13: 60 | AW13: =AT13*AU13*AV13*12 -> 72
A14: 10 | B14: 양극재기술 | C14: 양극재1팀 | D14: 분석/측정 실험 | E14: 활물질 분석 | F14: Pellet density 분석 | G14: 압연밀도 (이차입자: 2ton, 단결정: 9ton) 측정 | H14: 샘플링 | I14: 몰드 뚜껑 부분 열고 파우더 투입. 파우더 넘침 방지 위해 테이블을 몰드 바닥면으로 쳐서 다지기 (절반 정도 넣고 시행, 총 2회) | R14: 연구원 | Y14: =S14*T14*X14*12 -> 0 | AE14: 1 | AF14: 0.1 | AG14: 60 | AH14: =AE14*AF14*AG14*12 -> 72 | AJ14: 1 | AK14: 0.1 | AL14: 60 | AM14: =AJ14*AK14*AL14*12 -> 72 | AO14: 1 | AP14: 0.1 | AQ14: 60 | AR14: =AO14*AP14*AQ14*12 -> 72 | AT14: 1 | AU14: 0.1 | AV14: 60 | AW14: =AT14*AU14*AV14*12 -> 72
A15: 11 | B15: 양극재기술 | C15: 양극재1팀 | D15: 분석/측정 실험 | E15: 활물질 분석 | F15: Pellet density 분석 | G15: 압연밀도 (이차입자: 2ton, 단결정: 9ton) 측정 | H15: 몰드 조립 | I15: 몰드 조립 몰드 천천히 닫기 (좌, 우로 돌려가며 몰드 내 trap된 공기 빼주면서 시행 | R15: 연구원 | Y15: =S15*T15*X15*12 -> 0 | AE15: 1 | AF15: 0.1 | AG15: 4 | AH15: =AE15*AF15*AG15*12 -> 4.8 | AJ15: 1 | AK15: 0.1 | AL15: 4 | AM15: =AJ15*AK15*AL15*12 -> 4.8 | AO15: 1 | AP15: 0.1 | AQ15: 4 | AR15: =AO15*AP15*AQ15*12 -> 4.8 | AT15: 1 | AU15: 0.1 | AV15: 4 | AW15: =AT15*AU15*AV15*12 -> 4.8
A16: 12 | B16: 양극재기술 | C16: 양극재1팀 | D16: 분석/측정 실험 | E16: 활물질 분석 | F16: Pellet density 분석 | G16: 압연밀도 (이차입자: 2ton, 단결정: 9ton) 측정 | H16: 몰드 결착 | I16: 측정장비에 몰드 결착 장비에 몰드 탑재 | R16: 연구원 | Y16: =S16*T16*X16*12 -> 0 | AE16: 1 | AF16: 2 | AG16: 4 | AH16: =AE16*AF16*AG16*12 -> 96 | AJ16: 1 | AK16: 2 | AL16: 4 | AM16: =AJ16*AK16*AL16*12 -> 96 | AO16: 1 | AP16: 2 | AQ16: 4 | AR16: =AO16*AP16*AQ16*12 -> 96 | AT16: 1 | AU16: 2 | AV16: 4 | AW16: =AT16*AU16*AV16*12 -> 96
A17: 13 | B17: 양극재기술 | C17: 양극재1팀 | D17: 분석/측정 실험 | E17: 활물질 분석 | F17: Pellet density 분석 | G17: 압연밀도 (이차입자: 2ton, 단결정: 9ton) 측정 | H17: PD측정 | I17: 측정 시작 측정 및 압연밀도 기록 | R17: 연구원 | Y17: =S17*T17*X17*12 -> 0 | AE17: 1 | AF17: 0.3 | AG17: 4 | AH17: =AE17*AF17*AG17*12 -> 14.4 | AJ17: 1 | AK17: 0.3 | AL17: 4 | AM17: =AJ17*AK17*AL17*12 -> 14.4 | AO17: 1 | AP17: 0.3 | AQ17: 4 | AR17: =AO17*AP17*AQ17*12 -> 14.4 | AT17: 1 | AU17: 0.3 | AV17: 4 | AW17: =AT17*AU17*AV17*12 -> 14.4
A18: 14 | B18: 양극재기술 | C18: 양극재1팀 | D18: 분석/측정 실험 | E18: 활물질 분석 | F18: Pellet density 분석 | G18: 압연밀도 (이차입자: 2ton, 단결정: 9ton) 측정 | H18: 장비 세척 | I18: 세정 파우더 폐기 및 몰드 세척 (물, 아세톤), 건조 | R18: 연구원 | Y18: =S18*T18*X18*12 -> 0 | AE18: 1 | AF18: 0.1 | AG18: 4 | AH18: =AE18*AF18*AG18*12 -> 4.8 | AJ18: 1 | AK18: 0.1 | AL18: 4 | AM18: =AJ18*AK18*AL18*12 -> 4.8 | AO18: 1 | AP18: 0.1 | AQ18: 4 | AR18: =AO18*AP18*AQ18*12 -> 4.8 | AT18: 1 | AU18: 0.1 | AV18: 4 | AW18: =AT18*AU18*AV18*12 -> 4.8
A19: 15 | B19: 양극재기술 | C19: 양극재1팀 | D19: 분석/측정 실험 | E19: 활물질 분석 | F19: Pellet density 분석 | G19: 압연밀도 (이차입자: 2ton, 단결정: 9ton) 측정 | H19: Data 정리 | I19: Data 추출 및 정리 | O19: 펠렛 두께, 펠렛 밀도 (2ton, 9ton), 활물질 무게 | R19: 연구원 | S19: 1 | T19: 0.2 | U19: 4 | V19: =S19*T19*U19*12 -> 9.6 | W19: 0.05 | X19: 5 | Y19: =S19*T19*X19*12 -> 12 | AE19: 1 | AF19: 0.1 | AG19: 4 | AH19: =AE19*AF19*AG19*12 -> 4.8 | AJ19: 1 | AK19: 0.1 | AL19: 4 | AM19: =AJ19*AK19*AL19*12 -> 4.8 | AO19: 1 | AP19: 0.1 | AQ19: 4 | AR19: =AO19*AP19*AQ19*12 -> 4.8 | AT19: 1 | AU19: 0.1 | AV19: 4 | AW19: =AT19*AU19*AV19*12 -> 4.8
A20: 16 | B20: 양극재기술 | C20: 양극재1팀 | D20: 분석/측정 실험 | E20: 활물질 분석 | F20: ICP 분석_x000D_ | G20: 특정 원소 함량 분석 | H20: 분석 담당 의뢰중 | O20: 메인원소, 도핑원소, 코팅원소 | R20: 외주 | S20: 0 | T20: 0 | U20: 0 | V20: =S20*T20*U20*12 -> 0 | W20: 0 | X20: 0 | Y20: =S20*T20*X20*12 -> 0 | AB20: 무기분석팀 의뢰 | AE20: 1 | AF20: 0.05 | AG20: 4 | AH20: =AE20*AF20*AG20*12 -> 2.4 | AJ20: 1 | AK20: 0.05 | AL20: 4 | AM20: =AJ20*AK20*AL20*12 -> 2.4 | AO20: 1 | AP20: 0.05 | AQ20: 4 | AR20: =AO20*AP20*AQ20*12 -> 2.4 | AT20: 1 | AU20: 0.05 | AV20: 4 | AW20: =AT20*AU20*AV20*12 -> 2.4
A21: 17 | B21: 양극재기술 | C21: 양극재1팀 | D21: 분석/측정 실험 | E21: 활물질 분석 | F21: XRD 분석 | G21: 결정구조/상(phase) 분석 | H21: 샘플링 | I21: 드라이룸에서 시료 소분 후 분석실 이동 --> 샘플 홀더에 powder 평평하게 샘플링 (한 소재당 1개의 시료/1회 측정), 홀더 주변 클리닝 (에틸알콜 등), 홀더에 샘플명/이름/날짜 수기로 기입, 샘플 홀더 장비에 투입 후 측정 패턴 및 저장 setting | J21: 샘플 홀더, XRD (분석 담당 내 오픈 장비 사용 중 : Bruker사 D8 Endeavor 사용 중) | K21: 2 theta | L21: peak intensity | N21: scan 조건 (각도 범위) step size, step 당 머무르는 시간, 전압, 전류 | O21: scan 한 풀 패턴 데이터 리트벨트 분석을 통한 cell parameter, c/a ratio, 부피, 밀도, strain, cation mixing, 결정 크기, 불순물 여부 등 | R21: 연구원 | S21: 1 | T21: 0.15 | U21: 60 | V21: =S21*T21*U21*12 -> 108 | W21: 0.15 | X21: 100 | Y21: =S21*T21*X21*12 -> 180 | Z21: 1소재, 1회 | AH21: =AE21*AF21*AG21*12 -> 0 | AM21: =AJ21*AK21*AL21*12 -> 0 | AR21: =AO21*AP21*AQ21*12 -> 0 | AW21: =AT21*AU21*AV21*12 -> 0
A22: 18 | B22: 양극재기술 | C22: 양극재1팀 | D22: 분석/측정 실험 | E22: 활물질 분석 | F22: XRD 분석 | G22: 결정구조/상(phase) 분석 | H22: XRD 측정 | I22: XRD 측정 | J22: XRD (분석 담당 내 오픈 장비 사용 중 : Bruker사 D8 Endeavor 사용 중) | R22: 연구원 | V22: =S22*T22*U22*12 -> 0 | Y22: =S22*T22*X22*12 -> 0 | AE22: 2 | AF22: 0.33 | AG22: 150 | AH22: =AE22*AF22*AG22*12 -> 1188 | AJ22: 2 | AK22: 0.33 | AL22: 150 | AM22: =AJ22*AK22*AL22*12 -> 1188 | AO22: 2 | AP22: 0.33 | AQ22: 150 | AR22: =AO22*AP22*AQ22*12 -> 1188 | AT22: 2 | AU22: 0.33 | AV22: 150 | AW22: =AT22*AU22*AV22*12 -> 1188
A23: 19 | B23: 양극재기술 | C23: 양극재1팀 | D23: 분석/측정 실험 | E23: 활물질 분석 | F23: XRD 분석 | G23: 결정구조/상(phase) 분석 | H23: Data 변환 및 fitting | I23: 분석실 이동 + XRD 측정 컴퓨터에 있는 Eva/ topas 프로그램을 이용하여 data 변환 및 추출 | R23: 연구원 | S23: 1 | T23: 0.1 | U23: 60 | V23: =S23*T23*U23*12 -> 72 | W23: 0.1 | X23: 100 | Y23: =S23*T23*X23*12 -> 120 | AE23: 1 | AF23: 0.1 | AG23: 150 | AH23: =AE23*AF23*AG23*12 -> 180 | AJ23: 1 | AK23: 0.1 | AL23: 150 | AM23: =AJ23*AK23*AL23*12 -> 180 | AO23: 1 | AP23: 0.1 | AQ23: 150 | AR23: =AO23*AP23*AQ23*12 -> 180 | AT23: 1 | AU23: 0.1 | AV23: 150 | AW23: =AT23*AU23*AV23*12 -> 180
A24: 20 | B24: 양극재기술 | C24: 양극재1팀 | D24: 분석/측정 실험 | E24: 활물질 분석 | F24: XRD 분석 | G24: 결정구조/상(phase) 분석 | H24: 세척 및 정리 | I24: 사용한 샘플홀더 세척 및 정리 | R24: 연구원 | S24: 1 | T24: 0.1 | U24: 60 | V24: =S24*T24*U24*12 -> 72 | W24: 0.1 | X24: 100 | Y24: =S24*T24*X24*12 -> 120 | AE24: 0 | AF24: 0.33 | AG24: 150 | AH24: =AE24*AF24*AG24*12 -> 0 | AJ24: 0 | AK24: 0.33 | AL24: 150 | AM24: =AJ24*AK24*AL24*12 -> 0 | AO24: 0 | AP24: 0.33 | AQ24: 150 | AR24: =AO24*AP24*AQ24*12 -> 0 | AT24: 0 | AU24: 0.33 | AV24: 150 | AW24: =AT24*AU24*AV24*12 -> 0
A25: 21 | B25: 양극재기술 | C25: 양극재1팀 | D25: 분석/측정 실험 | E25: 활물질 분석 | F25: XRD 분석 | G25: 결정구조/상(phase) 분석 | H25: 그래프 생성 | I25: 추출한 data로 그래프 생성 | R25: 연구원 | S25: 1 | T25: 0.1 | U25: 60 | V25: =S25*T25*U25*12 -> 72 | W25: 0.1 | X25: 100 | Y25: =S25*T25*X25*12 -> 120 | AE25: 2 | AF25: 0.33 | AG25: 150 | AH25: =AE25*AF25*AG25*12 -> 1188 | AJ25: 2 | AK25: 0.33 | AL25: 150 | AM25: =AJ25*AK25*AL25*12 -> 1188 | AO25: 2 | AP25: 0.33 | AQ25: 150 | AR25: =AO25*AP25*AQ25*12 -> 1188 | AT25: 2 | AU25: 0.33 | AV25: 150 | AW25: =AT25*AU25*AV25*12 -> 1188
A26: 22 | B26: 양극재기술 | C26: 양극재1팀 | D26: 분석/측정 실험 | E26: 활물질 분석 | F26: SEM 분석_x000D_ | G26: 소재 이미지 분석 | H26: 샘플링 | I26: 샘플홀더에 카본테이브 부착 후, 소량의 powder (혹은 전극) 부착 | J26: SEM 홀더, 카본테이프 | M26: 작동거리 (WD) 10 정도 가속전압 5kV | R26: 연구원 | S26: 1 | T26: 0.05 | U26: 60 | V26: =S26*T26*U26*12 -> 36 | W26: 0.05 | X26: 100 | Y26: =S26*T26*X26*12 -> 60 | Z26: 1소재, 1회 | AH26: =AE26*AF26*AG26*12 -> 0 | AM26: =AJ26*AK26*AL26*12 -> 0 | AR26: =AO26*AP26*AQ26*12 -> 0 | AW26: =AT26*AU26*AV26*12 -> 0
A27: 23 | B27: 양극재기술 | C27: 양극재1팀 | D27: 분석/측정 실험 | E27: 활물질 분석 | F27: SEM 분석_x000D_ | G27: 소재 이미지 분석 | H27: 샘플 홀더 장비로 투입 | I27: 분석실로 이동+샘플 홀더 장비로 투입 | R27: 연구원 | S27: 1 | T27: 0.05 | U27: 10 | V27: =S27*T27*U27*12 -> 6 | W27: 0.05 | X27: 16 | Y27: =S27*T27*X27*12 -> 9.6 | AH27: =AE27*AF27*AG27*12 -> 0 | AM27: =AJ27*AK27*AL27*12 -> 0 | AR27: =AO27*AP27*AQ27*12 -> 0 | AW27: =AT27*AU27*AV27*12 -> 0
A28: 24 | B28: 양극재기술 | C28: 양극재1팀 | D28: 분석/측정 실험 | E28: 활물질 분석 | F28: SEM 분석_x000D_ | G28: 소재 이미지 분석 | H28: 이미지 생성 | I28: 원하는 샘플 SEM 이미지 (입자의 형태를 잘 확인할 수 있는) 확인 후 배율별로 각각 캡쳐 (배율별, SE/BSE 모드 각각 촬영) | J28: SEM (분석 담당 내 오픈 장비 사용 중 : Hitachi사 S4800 또는 JEOL IT710HR 등) | O28: 실험일자, 실험장비, (x1k, x2k, x5k, x10k, 20k, 30k) 이미지, 단면이미지 | R28: 연구원 | S28: 1 | T28: 2 | U28: 10 | V28: =S28*T28*U28*12 -> 240 | W28: 2 | X28: 16 | Y28: =S28*T28*X28*12 -> 384 | AE28: 1 | AF28: 0.33 | AG28: 4 | AH28: =AE28*AF28*AG28*12 -> 15.84 | AJ28: 1 | AK28: 0.33 | AL28: 4 | AM28: =AJ28*AK28*AL28*12 -> 15.84 | AO28: 1 | AP28: 0.33 | AQ28: 4 | AR28: =AO28*AP28*AQ28*12 -> 15.84 | AT28: 1 | AU28: 0.33 | AV28: 4 | AW28: =AT28*AU28*AV28*12 -> 15.84
A29: 25 | B29: 양극재기술 | C29: 양극재1팀 | D29: 분석/측정 실험 | E29: 활물질 분석 | F29: SEM 분석_x000D_ | G29: 소재 이미지 분석 | H29: EDS 분석_x000D_ | I29: EDS 분석 | J29: SEM (분석 담당 내 오픈 장비 사용 중 : Hitachi사 S4800 또는 JEOL IT710HR 등) | M29: 가속전압 15kV | O29: 구성 원소 정성, 정량 분석 / 원소 분포 | R29: 연구원 | S29: 1 | T29: 0.3 | U29: 30 | V29: =S29*T29*U29*12 -> 108 | W29: 0.3 | X29: 50 | Y29: =S29*T29*X29*12 -> 180 | AB29: MDS에 없음 | AE29: 1 | AF29: 0.1 | AG29: 4 | AH29: =AE29*AF29*AG29*12 -> 4.8 | AJ29: 1 | AK29: 0.1 | AL29: 4 | AM29: =AJ29*AK29*AL29*12 -> 4.8 | AO29: 1 | AP29: 0.1 | AQ29: 4 | AR29: =AO29*AP29*AQ29*12 -> 4.8 | AT29: 1 | AU29: 0.1 | AV29: 4 | AW29: =AT29*AU29*AV29*12 -> 4.8
A30: 26 | B30: 양극재기술 | C30: 양극재1팀 | D30: 분석/측정 실험 | E30: 활물질 분석 | F30: SEM 분석_x000D_ | G30: 소재 이미지 분석 | H30: Data 저장_x000D_ | I30: Data 저장 후 추출 | R30: 연구원 | S30: 1 | T30: 0.1 | U30: 10 | V30: =S30*T30*U30*12 -> 12 | W30: 0.05 | X30: 20 | Y30: =S30*T30*X30*12 -> 24 | AE30: 1 | AF30: 0.2 | AG30: 150 | AH30: =AE30*AF30*AG30*12 -> 360 | AJ30: 1 | AK30: 0.2 | AL30: 150 | AM30: =AJ30*AK30*AL30*12 -> 360 | AO30: 1 | AP30: 0.2 | AQ30: 150 | AR30: =AO30*AP30*AQ30*12 -> 360 | AT30: 1 | AU30: 0.2 | AV30: 150 | AW30: =AT30*AU30*AV30*12 -> 360
A31: 27 | B31: 양극재기술 | C31: 양극재1팀 | D31: 분석/측정 실험 | E31: 활물질 분석 | F31: SEM 분석_x000D_ | G31: 소재 이미지 분석 | H31: 샘플 홀더 자동 배출_x000D_ | I31: 샘플 홀더 배출 | R31: 연구원 | S31: 1 | T31: 0.1 | U31: 10 | V31: =S31*T31*U31*12 -> 12 | W31: 0.1 | X31: 20 | Y31: =S31*T31*X31*12 -> 24 | AE31: 2 | AF31: 2 | AG31: 12 | AH31: =AE31*AF31*AG31*12 -> 576 | AJ31: 2 | AK31: 2 | AL31: 12 | AM31: =AJ31*AK31*AL31*12 -> 576 | AO31: 2 | AP31: 2 | AQ31: 12 | AR31: =AO31*AP31*AQ31*12 -> 576 | AT31: 2 | AU31: 2 | AV31: 12 | AW31: =AT31*AU31*AV31*12 -> 576
A32: 28 | B32: 양극재기술 | C32: 양극재1팀 | D32: 분석/측정 실험 | E32: 활물질 분석 | F32: SEM 분석_x000D_ | G32: 소재 이미지 분석 | H32: 샘플 홀더 클리닝_x000D_ | I32: 샘플 홀더 클리닝 | R32: 연구원 | S32: 1 | T32: 0.05 | U32: 10 | V32: =S32*T32*U32*12 -> 6 | W32: 0.05 | X32: 20 | Y32: =S32*T32*X32*12 -> 12 | AH32: =AE32*AF32*AG32*12 -> 0 | AM32: =AJ32*AK32*AL32*12 -> 0 | AR32: =AO32*AP32*AQ32*12 -> 0 | AW32: =AT32*AU32*AV32*12 -> 0
A33: 29 | B33: 양극재기술 | C33: 양극재1팀 | D33: 분석/측정 실험 | E33: 활물질 분석 | F33: 진밀도 측정 | G33: 소재 진밀도 측정 | H33: 샘플링 및 측정 자동화 | J33: 외주 분석 진행했으나, 장비 도입으로 직접 측정 가능한 상황_x000D_ | L33: ICP 활용하여 계산 | M33: 입자 진밀도 | R33: 연구원 | S33: 0 | T33: 0 | U33: 0 | V33: =S33*T33*U33*12 -> 0 | W33: 0 | X33: 0 | Y33: =S33*T33*X33*12 -> 0 | AB33: 업체 데이터 사용 원칙이나 간혹 필요시 직접 측정. 거의 측정하지 않음 | AF33: =AC33*AD33*AE33*12 -> 0 | AK33: =AH33*AI33*AJ33*12 -> 0 | AP33: =AM33*AN33*AO33*12 -> 0 | AU33: =AR33*AS33*AT33*12 -> 0
A34: 30 | B34: 양극재기술 | C34: 양극재1팀 | D34: 샘플 제작 실험 | E34: 슬러리 제작 | F34: Slurry 제작 | G34: 전극코팅을 위한 활물질/도전재/바인더/NMP혼합된 슬러리 제조 | H34: 무게 측정 | I34: 도전재+바인더 premixing 계량 (slurry 제작 전 믹서 사용하여 미리 대량 제조). 손실 방지위해 mixing통 (Nalgene bottle)에 직접 계량 | J34: 정밀저울 | R34: 연구원 | S34: 2 | T34: 0.33 | U34: 150 | V34: =S34*T34*U34*12 -> 1188 | W34: 0.33 | X34: 180 | Y34: =S34*T34*X34*12 -> 1425.6 | Z34: 1소재, 1회 | AB34: 1명 기준으로 작성했으나, 2명이 진행 시 slurry 제조 전체 소요시간 절반으로 단축 가능 | AE34: 2 | AF34: 0.5 | AG34: 8 | AH34: =AE34*AF34*AG34*12 -> 96 | AJ34: 2 | AK34: 0.5 | AL34: 8 | AM34: =AJ34*AK34*AL34*12 -> 96 | AO34: 2 | AP34: 0.5 | AQ34: 8 | AR34: =AO34*AP34*AQ34*12 -> 96 | AT34: 2 | AU34: 0.5 | AV34: 8 | AW34: =AT34*AU34*AV34*12 -> 96
A35: 31 | B35: 양극재기술 | C35: 양극재1팀 | D35: 샘플 제작 실험 | E35: 슬러리 제작 | F35: Slurry 제작 | G35: 전극코팅을 위한 활물질/도전재/바인더/NMP혼합된 슬러리 제조 | H35: 무게 측정 | I35: 활물질 계량 (유선지 대신 Al foil 이용) 뒤 mixing통에 혼합 (슬러리 조성은 평가 양극재마다 상이) | J35: 정밀저울 | R35: 연구원 | Y35: =S35*T35*X35*12 -> 0 | AE35: 2 | AF35: 1 | AG35: 8 | AH35: =AE35*AF35*AG35*12 -> 192 | AJ35: 2 | AK35: 1 | AL35: 8 | AM35: =AJ35*AK35*AL35*12 -> 192 | AO35: 2 | AP35: 1 | AQ35: 8 | AR35: =AO35*AP35*AQ35*12 -> 192 | AT35: 2 | AU35: 1 | AV35: 8 | AW35: =AT35*AU35*AV35*12 -> 192
A36: 32 | B36: 양극재기술 | C36: 양극재1팀 | D36: 샘플 제작 실험 | E36: 슬러리 제작 | F36: Slurry 제작 | G36: 전극코팅을 위한 활물질/도전재/바인더/NMP혼합된 슬러리 제조 | H36: 고형분 맞추기 | I36: 고형분 양 고려하여 NMP 추가 투입 | J36: 정밀저울 | R36: 연구원 | Y36: =S36*T36*X36*12 -> 0 | AE36: 2 | AF36: 1.5 | AG36: 8 | AH36: =AE36*AF36*AG36*12 -> 288 | AJ36: 2 | AK36: 1.5 | AL36: 8 | AM36: =AJ36*AK36*AL36*12 -> 288 | AO36: 2 | AP36: 1.5 | AQ36: 8 | AR36: =AO36*AP36*AQ36*12 -> 288 | AT36: 2 | AU36: 1.5 | AV36: 8 | AW36: =AT36*AU36*AV36*12 -> 288
A37: 33 | B37: 양극재기술 | C37: 양극재1팀 | D37: 샘플 제작 실험 | E37: 슬러리 제작 | F37: Slurry 제작 | G37: 전극코팅을 위한 활물질/도전재/바인더/NMP혼합된 슬러리 제조 | H37: 1차 믹싱 | I37: 슬러리 1차 혼합 (thinky mixer) (믹싱 rpm 및 시간은 평가 양극재마다 상이) | J37: Thinky mixer | M37: 1350 rpm 10min 1500 rpm 3min | R37: 연구원 | Y37: =S37*T37*X37*12 -> 0 | AH37: =AE37*AF37*AG37*12 -> 0 | AM37: =AJ37*AK37*AL37*12 -> 0 | AR37: =AO37*AP37*AQ37*12 -> 0 | AW37: =AT37*AU37*AV37*12 -> 0
A38: 34 | B38: 양극재기술 | C38: 양극재1팀 | D38: 샘플 제작 실험 | E38: 슬러리 제작 | F38: Slurry 제작 | G38: 전극코팅을 위한 활물질/도전재/바인더/NMP혼합된 슬러리 제조 | H38: 뭉친부분 풀어주기 | I38: Nalgene bottle 개봉 뒤 spatula로 휘저으며 뭉친 부분 풀어주기 | J38: spatula | R38: 연구원 | Y38: =S38*T38*X38*12 -> 0 | AE38: 1 | AF38: 0.25 | AG38: 8 | AH38: =AE38*AF38*AG38*12 -> 24 | AJ38: 1 | AK38: 0.25 | AL38: 8 | AM38: =AJ38*AK38*AL38*12 -> 24 | AO38: 1 | AP38: 0.25 | AQ38: 8 | AR38: =AO38*AP38*AQ38*12 -> 24 | AT38: 1 | AU38: 0.25 | AV38: 8 | AW38: =AT38*AU38*AV38*12 -> 24
A39: 35 | B39: 양극재기술 | C39: 양극재1팀 | D39: 샘플 제작 실험 | E39: 슬러리 제작 | F39: Slurry 제작 | G39: 전극코팅을 위한 활물질/도전재/바인더/NMP혼합된 슬러리 제조 | H39: 2차 믹싱 | I39: 슬러리 2차 혼합 (thinky mixer) | J39: Thinky mixer | R39: 연구원 | Y39: =S39*T39*X39*12 -> 0 | AE39: 1 | AF39: 0.25 | AG39: 8 | AH39: =AE39*AF39*AG39*12 -> 24 | AJ39: 1 | AK39: 0.25 | AL39: 8 | AM39: =AJ39*AK39*AL39*12 -> 24 | AO39: 1 | AP39: 0.25 | AQ39: 8 | AR39: =AO39*AP39*AQ39*12 -> 24 | AT39: 1 | AU39: 0.25 | AV39: 8 | AW39: =AT39*AU39*AV39*12 -> 24
A40: 36 | B40: 양극재기술 | C40: 양극재1팀 | D40: 샘플 제작 실험 | E40: 슬러리 제작 | F40: Slurry 제작 | G40: 전극코팅을 위한 활물질/도전재/바인더/NMP혼합된 슬러리 제조 | H40: 장비 세척 및 정리 | I40: 믹싱 완료 후 장비 세척 및 정리 | R40: 연구원 | Y40: =S40*T40*X40*12 -> 0 | AE40: 1 | AF40: 0.25 | AG40: 8 | AH40: =AE40*AF40*AG40*12 -> 24 | AJ40: 1 | AK40: 0.25 | AL40: 8 | AM40: =AJ40*AK40*AL40*12 -> 24 | AO40: 1 | AP40: 0.25 | AQ40: 8 | AR40: =AO40*AP40*AQ40*12 -> 24 | AT40: 1 | AU40: 0.25 | AV40: 8 | AW40: =AT40*AU40*AV40*12 -> 24
A41: 37 | B41: 양극재기술 | C41: 양극재1팀 | D41: 샘플 제작 실험 | E41: 전극 제작 | F41: 양극 전극 제작_코인셀,모노셀 | G41: 양극 활물질 평가를 위한 전극 코팅 | H41: 소재준비 (이송) | I41: 양극 슬러리 준비, Al foil 재단 및 coater 바닥에 밀착 (acetone 사용) | J41: 작두, 전극 coater | R41: 연구원 | S41: 1 | T41: 0.01 | U41: 150 | V41: =S41*T41*U41*12 -> 18 | W41: 0.05 | X41: 180 | Y41: =S41*T41*X41*12 -> 21.6 | Z41: 1소재, 1회 | AE41: 0 | AF41: 16 | AG41: 8 | AH41: =AE41*AF41*AG41*12 -> 0 | AJ41: 0 | AK41: 16 | AL41: 8 | AM41: =AJ41*AK41*AL41*12 -> 0 | AO41: 0 | AP41: 16 | AQ41: 8 | AR41: =AO41*AP41*AQ41*12 -> 0 | AT41: 0 | AU41: 16 | AV41: 8 | AW41: =AT41*AU41*AV41*12 -> 0
A42: 38 | B42: 양극재기술 | C42: 양극재1팀 | D42: 샘플 제작 실험 | E42: 전극 제작 | F42: 양극 전극 제작_코인셀,모노셀 | G42: 양극 활물질 평가를 위한 전극 코팅 | H42: 코팅 | I42: 슬러리를 Al foil 위에 도포한 후, 목표 전극무게 수준이 되도록 doctor blade gap 조절하여 코팅 | R42: 연구원 | S42: 1 | T42: 0.1 | U42: 150 | V42: =S42*T42*U42*12 -> 180 | W42: 0.1 | X42: 180 | Y42: =S42*T42*X42*12 -> 216 | Z42: 1소재, 1회 | AE42: 1 | AF42: 5 | AG42: 20 | AH42: =AE42*AF42*AG42*12 -> 1200 | AJ42: 1 | AK42: 5 | AL42: 20 | AM42: =AJ42*AK42*AL42*12 -> 1200 | AO42: 1 | AP42: 5 | AQ42: 20 | AR42: =AO42*AP42*AQ42*12 -> 1200 | AT42: 1 | AU42: 5 | AV42: 20 | AW42: =AT42*AU42*AV42*12 -> 1200
A43: 39 | B43: 양극재기술 | C43: 양극재1팀 | D43: 샘플 제작 실험 | E43: 전극 제작 | F43: 양극 전극 제작_코인셀,모노셀 | G43: 전극 건조 | H43: 건조 | I43: 코팅된 Al foil이 들뜨거나 기울어져 슬러리 로딩 불균일이 발생하지 않도록 건조과정 동안 고정 필요 | R43: 연구원 | Y43: =S43*T43*X43*12 -> 0 | AE43: 1 | AF43: 2.5 | AG43: 5 | AH43: =AE43*AF43*AG43*12 -> 150 | AJ43: 1 | AK43: 2.5 | AL43: 5 | AM43: =AJ43*AK43*AL43*12 -> 150 | AO43: 1 | AP43: 2.5 | AQ43: 5 | AR43: =AO43*AP43*AQ43*12 -> 150 | AT43: 1 | AU43: 2.5 | AV43: 5 | AW43: =AT43*AU43*AV43*12 -> 150
A44: 40 | B44: 양극재기술 | C44: 양극재1팀 | D44: 샘플 제작 실험 | E44: 전극 제작 | F44: 양극 전극 제작_코인셀,모노셀 | G44: 전극 건조 | H44: 장비 세척 및 정리 | I44: 사용한 코터 세척 및 정리 | J44: 고온 챔버 | R44: 연구원 | Y44: =S44*T44*X44*12 -> 0 | AE44: 도급 의뢰 | AH44: =AE44*AF44*AG44*12 -> #VALUE! | AJ44: 도급 의뢰 | AM44: =AJ44*AK44*AL44*12 -> #VALUE! | AO44: 도급 의뢰 | AR44: =AO44*AP44*AQ44*12 -> #VALUE! | AT44: 도급 의뢰 | AW44: =AT44*AU44*AV44*12 -> #VALUE!
A45: 41 | B45: 양극재기술 | C45: 양극재1팀 | D45: 샘플 제작 실험 | E45: 전극 제작 | F45: 양극 전극 제작_코인셀,모노셀 | G45: target porosity에 맞게 전극 압연 | H45: 압연 | I45: 2cm 폭으로 전극 cutting 뒤 target porosity에 맞게 압연기 gap 조절하여 압연 2회 진행 (lab설비 기준) | J45: roll press, 작두 | R45: 연구원 | S45: 2 | T45: 0.33 | U45: 150 | V45: =S45*T45*U45*12 -> 1188 | W45: 0.33 | X45: 200 | Y45: =S45*T45*X45*12 -> 1584 | Z45: 1소재, 1회 | AE45: 1 | AF45: 0.3 | AG45: 12 | AH45: =AE45*AF45*AG45*12 -> 43.2 | AJ45: 1 | AK45: 0.3 | AL45: 12 | AM45: =AJ45*AK45*AL45*12 -> 43.2 | AO45: 1 | AP45: 0.3 | AQ45: 12 | AR45: =AO45*AP45*AQ45*12 -> 43.2 | AT45: 1 | AU45: 0.3 | AV45: 12 | AW45: =AT45*AU45*AV45*12 -> 43.2
A46: 42 | B46: 양극재기술 | C46: 양극재1팀 | D46: 샘플 제작 실험 | E46: 전극 제작 | F46: 양극 전극 제작_코인셀,모노셀 | G46: target porosity에 맞게 전극 압연 | H46: 장비 세척 및 정리 | I46: 사용한 압연기 세척 및 정리 | R46: 연구원 | Y46: =S46*T46*X46*12 -> 0 | Z46: 1소재, 1회 | AE46: 1 | AF46: 0.5 | AG46: 4 | AH46: =AE46*AF46*AG46*12 -> 24 | AJ46: 1 | AK46: 0.5 | AL46: 4 | AM46: =AJ46*AK46*AL46*12 -> 24 | AO46: 1 | AP46: 0.5 | AQ46: 4 | AR46: =AO46*AP46*AQ46*12 -> 24 | AT46: 1 | AU46: 0.5 | AV46: 4 | AW46: =AT46*AU46*AV46*12 -> 24
A47: 43 | B47: 양극재기술 | C47: 양극재1팀 | D47: 샘플 제작 실험 | E47: 셀 제작 | F47: 코인셀 제작_x000D_ | G47: 코인셀 제작용 양극 타발 | H47: 코인셀 제작용 양극 타발 | I47: 1.4875 cm2 크기로 양극 타발 | J47: 코인셀 전극 타발기 | R47: 연구원 | Y47: =S47*T47*X47*12 -> 0 | Z47: 1소재, 3회 | AH47: =AE47*AF47*AG47*12 -> 0 | AM47: =AJ47*AK47*AL47*12 -> 0 | AR47: =AO47*AP47*AQ47*12 -> 0 | AW47: =AT47*AU47*AV47*12 -> 0
A48: 44 | B48: 양극재기술 | C48: 양극재1팀 | D48: 샘플 제작 실험 | E48: 셀 제작 | F48: 코인셀 제작_x000D_ | G48: 전극 porosity 측정 | H48: 전극 두께 및 무게 측정 | I48: 타발한 양극 무게 측정 및 두께측정기를 이용해 두께 측정 및 균일성 확인하여 target porosity 범위내에 들어오는지 확인 | J48: 두께측정기 (flat형) | R48: 연구원 | Y48: =S48*T48*X48*12 -> 0 | Z48: 1소재, 3회 | AE48: 1 | AF48: 0.5 | AG48: 12 | AH48: =AE48*AF48*AG48*12 -> 72 | AJ48: 1 | AK48: 0.5 | AL48: 12 | AM48: =AJ48*AK48*AL48*12 -> 72 | AO48: 1 | AP48: 0.5 | AQ48: 12 | AR48: =AO48*AP48*AQ48*12 -> 72 | AT48: 1 | AU48: 0.5 | AV48: 12 | AW48: =AT48*AU48*AV48*12 -> 72
A49: 45 | B49: 양극재기술 | C49: 양극재1팀 | D49: 샘플 제작 실험 | E49: 셀 제작 | F49: 코인셀 제작_x000D_ | G49: 소재 준비 | H49: 분리막 타발 | I49: 분리막 타발기 이용 | J49: 분리막 타발기 | R49: 연구원 | S49: 1 | T49: 0.05 | U49: 50 | V49: =S49*T49*U49*12 -> 30 | W49: 0.05 | X49: 60 | Y49: =S49*T49*X49*12 -> 36 | Z49: 1소재, 3회 | AE49: 1 | AF49: 0.5 | AG49: 4 | AH49: =AE49*AF49*AG49*12 -> 24 | AJ49: 1 | AK49: 0.5 | AL49: 4 | AM49: =AJ49*AK49*AL49*12 -> 24 | AO49: 1 | AP49: 0.5 | AQ49: 4 | AR49: =AO49*AP49*AQ49*12 -> 24 | AT49: 1 | AU49: 0.5 | AV49: 4 | AW49: =AT49*AU49*AV49*12 -> 24
A50: 46 | B50: 양극재기술 | C50: 양극재1팀 | D50: 샘플 제작 실험 | E50: 셀 제작 | F50: 코인셀 제작_x000D_ | G50: 소재 준비 | H50: 부품 준비 (코인셀용 부품)_x000D_ | I50: 제작할 코인셀 개수에 맞춰 코인셀용 부품 준비 | R50: 연구원 | S50: 1 | T50: 0.05 | U50: 50 | V50: =S50*T50*U50*12 -> 30 | W50: 0.05 | X50: 60 | Y50: =S50*T50*X50*12 -> 36 | Z50: 1소재, 3회 | AH50: =AE50*AF50*AG50*12 -> 0 | AM50: =AJ50*AK50*AL50*12 -> 0 | AR50: =AO50*AP50*AQ50*12 -> 0 | AW50: =AT50*AU50*AV50*12 -> 0
A51: 47 | B51: 양극재기술 | C51: 양극재1팀 | D51: 샘플 제작 실험 | E51: 셀 제작 | F51: 코인셀 제작_x000D_ | G51: 소재 준비 | H51: Li metal 타발 | I51: 글러브박스 내에서 Li metal foil 소분 뒤 지름 16mm 크기로 제작할 코인셀 개수에 맞춰 타발 | J51: 글러브박스, Li metal 타발기 | R51: 연구원 | S51: 1 | T51: 0.2 | U51: 50 | V51: =S51*T51*U51*12 -> 120 | W51: 0.2 | X51: 60 | Y51: =S51*T51*X51*12 -> 144 | Z51: 1소재, 3회 | AE51: 1 | AF51: 0.3 | AG51: 12 | AH51: =AE51*AF51*AG51*12 -> 43.2 | AJ51: 1 | AK51: 0.3 | AL51: 12 | AM51: =AJ51*AK51*AL51*12 -> 43.2 | AO51: 1 | AP51: 0.3 | AQ51: 12 | AR51: =AO51*AP51*AQ51*12 -> 43.2 | AT51: 1 | AU51: 0.3 | AV51: 12 | AW51: =AT51*AU51*AV51*12 -> 43.2
A52: 48 | B52: 양극재기술 | C52: 양극재1팀 | D52: 샘플 제작 실험 | E52: 셀 제작 | F52: 코인셀 제작_x000D_ | G52: 코인셀 제작 | H52: 코인셀 조립 | I52: 바텀-전극-주액-분리막-가스켓-리튬-스페이서-스프링-탑 순서로 적층 → 프레스 | J52: 글러브박스, 반자동 crimper | R52: 연구원 | S52: 2 | T52: 1 | U52: 50 | V52: =S52*T52*U52*12 -> 1200 | W52: 1 | X52: 60 | Y52: =S52*T52*X52*12 -> 1440 | Z52: 1소재, 3회 | AE52: 1 | AF52: 0.5 | AG52: 12 | AH52: =AE52*AF52*AG52*12 -> 72 | AJ52: 1 | AK52: 0.5 | AL52: 12 | AM52: =AJ52*AK52*AL52*12 -> 72 | AO52: 1 | AP52: 0.5 | AQ52: 12 | AR52: =AO52*AP52*AQ52*12 -> 72 | AT52: 1 | AU52: 0.5 | AV52: 12 | AW52: =AT52*AU52*AV52*12 -> 72
A53: 49 | B53: 양극재기술 | C53: 양극재1팀 | D53: 샘플 제작 실험 | E53: 셀 제작 | F53: 코인셀 제작_x000D_ | G53: 코인셀 제작 | H53: 코인셀 조립 후 OCV측정 | I53: OCV측정하여 불량 셀 선별 뒤 폐기 | R53: 연구원 | Y53: =S53*T53*X53*12 -> 0 | AE53: 1 | AF53: 0.3 | AG53: 12 | AH53: =AE53*AF53*AG53*12 -> 43.2 | AJ53: 1 | AK53: 0.3 | AL53: 12 | AM53: =AJ53*AK53*AL53*12 -> 43.2 | AO53: 1 | AP53: 0.3 | AQ53: 12 | AR53: =AO53*AP53*AQ53*12 -> 43.2 | AT53: 1 | AU53: 0.3 | AV53: 12 | AW53: =AT53*AU53*AV53*12 -> 43.2
A54: 50 | B54: 양극재기술 | C54: 양극재1팀 | D54: 샘플 제작 실험 | E54: 셀 제작 | F54: 모노셀 제작 | G54: 모노셀 제작 | H54: 모노셀 용 전극 타발 | I54: 양극전용 / 음극전용 타발기를 사용하여 전극 타발 | J54: 모노셀 전극 타발기 | R54: 연구원 | S54: 2 | T54: 0.5 | U54: 30 | V54: =S54*T54*U54*12 -> 360 | W54: 0.5 | X54: 45 | Y54: =S54*T54*X54*12 -> 540 | Z54: 1소재, 3회 | AE54: 1 | AF54: 0.5 | AG54: 4 | AH54: =AE54*AF54*AG54*12 -> 24 | AJ54: 1 | AK54: 0.5 | AL54: 4 | AM54: =AJ54*AK54*AL54*12 -> 24 | AO54: 1 | AP54: 0.5 | AQ54: 4 | AR54: =AO54*AP54*AQ54*12 -> 24 | AT54: 1 | AU54: 0.5 | AV54: 4 | AW54: =AT54*AU54*AV54*12 -> 24
A55: 51 | B55: 양극재기술 | C55: 양극재1팀 | D55: 샘플 제작 실험 | E55: 셀 제작 | F55: 모노셀 제작 | G55: 모노셀 제작 | H55: 양/음극 tap 닦기 | I55: tap 부분의 활물질 층 NMP 이용하여 제거 | R55: 연구원 | S55: 2 | T55: 1 | U55: 8 | V55: =S55*T55*U55*12 -> 192 | W55: 1 | X55: 45 | Y55: =S55*T55*X55*12 -> 1080 | Z55: 1소재, 3회 | AE55: 1 | AF55: 1 | AG55: 12 | AH55: =AE55*AF55*AG55*12 -> 144 | AJ55: 1 | AK55: 1 | AL55: 12 | AM55: =AJ55*AK55*AL55*12 -> 144 | AO55: 1 | AP55: 1 | AQ55: 12 | AR55: =AO55*AP55*AQ55*12 -> 144 | AT55: 1 | AU55: 1 | AV55: 12 | AW55: =AT55*AU55*AV55*12 -> 144
A56: 52 | B56: 양극재기술 | C56: 양극재1팀 | D56: 샘플 제작 실험 | E56: 셀 제작 | F56: 모노셀 제작 | G56: 모노셀 제작 | H56: 무게 측정 | I56: 타발한 양극 무게 측정 및 target N/P ratio에 맞는 전극 선별 | J56: 정밀저울, roll press | M56: NP 108 (106~110) | R56: 연구원 | S56: 2 | T56: 1.5 | U56: 8 | V56: =S56*T56*U56*12 -> 288 | W56: 0.5 | X56: 16 | Y56: =S56*T56*X56*12 -> 576 | Z56: 1소재, 3회 | AH56: =AE56*AF56*AG56*12 -> 0 | AM56: =AJ56*AK56*AL56*12 -> 0 | AR56: =AO56*AP56*AQ56*12 -> 0 | AW56: =AT56*AU56*AV56*12 -> 0
A57: 53 | B57: 양극재기술 | C57: 양극재1팀 | D57: 샘플 제작 실험 | E57: 셀 제작 | F57: 모노셀 제작 | G57: 모노셀 제작 | H57: 압연 | I57: N/P ratio벗어난 전극 이용해 target porosity에 맞게 압연기 gap 조절 (압연 2회 진행 기준) | R57: 연구원 | Y57: =S57*T57*X57*12 -> 0 | AE57: 1 | AF57: 0.3 | AG57: 12 | AH57: =AE57*AF57*AG57*12 -> 43.2 | AJ57: 1 | AK57: 0.3 | AL57: 12 | AM57: =AJ57*AK57*AL57*12 -> 43.2 | AO57: 1 | AP57: 0.3 | AQ57: 12 | AR57: =AO57*AP57*AQ57*12 -> 43.2 | AT57: 1 | AU57: 0.3 | AV57: 12 | AW57: =AT57*AU57*AV57*12 -> 43.2
A58: 54 | B58: 양극재기술 | C58: 양극재1팀 | D58: 샘플 제작 실험 | E58: 셀 제작 | F58: 모노셀 제작 | G58: 모노셀 제작 | H58: 압연 | I58: 타발한 양극 압연 2회씩 진행 | R58: 연구원 | Y58: =S58*T58*X58*12 -> 0 | AE58: 1 | AF58: 1 | AG58: 12 | AH58: =AE58*AF58*AG58*12 -> 144 | AJ58: 1 | AK58: 1 | AL58: 12 | AM58: =AJ58*AK58*AL58*12 -> 144 | AO58: 1 | AP58: 1 | AQ58: 12 | AR58: =AO58*AP58*AQ58*12 -> 144 | AT58: 1 | AU58: 1 | AV58: 12 | AW58: =AT58*AU58*AV58*12 -> 144
A59: 55 | B59: 양극재기술 | C59: 양극재1팀 | D59: 샘플 제작 실험 | E59: 셀 제작 | F59: 모노셀 제작 | G59: 모노셀 제작 | H59: 압연 | I59: 타발한 양극 무게 측정 및 두께측정기를 이용해 두께 측정 및 균일성 확인하여 target porosity 범위내에 들어오는지 확인 | J59: 두께측정기 | R59: 연구원 | Y59: =S59*T59*X59*12 -> 0 | AE59: 1 | AF59: 0.5 | AG59: 12 | AH59: =AE59*AF59*AG59*12 -> 72 | AJ59: 1 | AK59: 0.5 | AL59: 12 | AM59: =AJ59*AK59*AL59*12 -> 72 | AO59: 1 | AP59: 0.5 | AQ59: 12 | AR59: =AO59*AP59*AQ59*12 -> 72 | AT59: 1 | AU59: 0.5 | AV59: 12 | AW59: =AT59*AU59*AV59*12 -> 72
A60: 56 | B60: 양극재기술 | C60: 양극재1팀 | D60: 샘플 제작 실험 | E60: 셀 제작 | F60: 모노셀 제작 | G60: 모노셀 제작 | H60: 건조 | I60: Al foil로 감싼 후 드라이룸 내의 챔버에서 130℃ 진공상태에서 12h 건조 | J60: 진공챔버 | R60: 연구원 | S60: 1 | T60: 0.25 | U60: 8 | V60: =S60*T60*U60*12 -> 24 | W60: 0.2 | X60: 12 | Y60: =S60*T60*X60*12 -> 36 | Z60: 1소재, 3회 | AE60: 1 | AF60: 0.5 | AG60: 12 | AH60: =AE60*AF60*AG60*12 -> 72 | AJ60: 1 | AK60: 0.5 | AL60: 12 | AM60: =AJ60*AK60*AL60*12 -> 72 | AO60: 1 | AP60: 0.5 | AQ60: 12 | AR60: =AO60*AP60*AQ60*12 -> 72 | AT60: 1 | AU60: 0.5 | AV60: 12 | AW60: =AT60*AU60*AV60*12 -> 72
A61: 57 | B61: 양극재기술 | C61: 양극재1팀 | D61: 샘플 제작 실험 | E61: 셀 제작 | F61: 모노셀 제작 | G61: 모노셀 제작 | H61: 실링 후, 모노셀 수작업실 전달 | I61: 실링 후, 모노셀 수작업실 (전지동)에 전달 | R61: 도급 | S61: 1 | T61: 0.25 | U61: 8 | V61: =S61*T61*U61*12 -> 24 | W61: 0.25 | X61: 12 | Y61: =S61*T61*X61*12 -> 36 | Z61: 1소재, 3회 | AB61: 도급으로 진행. 수행시간은 연구원이 실링 및 도급 맡기러 갈때 소요되는 작업 및 이동시간 반영 | AH61: =AE61*AF61*AG61*12 -> 0 | AM61: =AJ61*AK61*AL61*12 -> 0 | AR61: =AO61*AP61*AQ61*12 -> 0 | AW61: =AT61*AU61*AV61*12 -> 0
A62: 58 | B62: 양극재기술 | C62: 양극재1팀 | D62: 샘플 제작 실험 | E62: 셀 제작 | F62: 모노셀 제작 | G62: 모노셀 제작 | H62: 수령 | I62: 모노셀 수작업실(전지동)에서 모노셀 수령 | R62: 연구원 | S62: 1 | T62: 0.25 | U62: 8 | V62: =S62*T62*U62*12 -> 24 | W62: 0.25 | X62: 12 | Y62: =S62*T62*X62*12 -> 36 | Z62: 1소재, 3회 | AE62: 1 | AF62: 1 | AG62: 12 | AH62: =AE62*AF62*AG62*12 -> 144 | AJ62: 1 | AK62: 1 | AL62: 12 | AM62: =AJ62*AK62*AL62*12 -> 144 | AO62: 1 | AP62: 1 | AQ62: 12 | AR62: =AO62*AP62*AQ62*12 -> 144 | AT62: 1 | AU62: 1 | AV62: 12 | AW62: =AT62*AU62*AV62*12 -> 144
A63: 59 | B63: 양극재기술 | C63: 양극재1팀 | D63: 샘플 제작 실험 | E63: 셀 제작 | F63: 모노셀 제작 | G63: 모노셀 제작 | H63: 모노셀 건조 | I63: 55℃ 진공 챔버에서 하루 이상 건조 | R63: 연구원 | S63: 1 | T63: 0.01 | U63: 8 | V63: =S63*T63*U63*12 -> 0.96 | W63: 0.01 | X63: 12 | Y63: =S63*T63*X63*12 -> 1.44 | Z63: 1소재, 3회 | AE63: 1 | AF63: 0.3 | AG63: 12 | AH63: =AE63*AF63*AG63*12 -> 43.2 | AJ63: 1 | AK63: 0.3 | AL63: 12 | AM63: =AJ63*AK63*AL63*12 -> 43.2 | AO63: 1 | AP63: 0.3 | AQ63: 12 | AR63: =AO63*AP63*AQ63*12 -> 43.2 | AT63: 1 | AU63: 0.3 | AV63: 12 | AW63: =AT63*AU63*AV63*12 -> 43.2
A64: 60 | B64: 양극재기술 | C64: 양극재1팀 | D64: 분석/측정 실험 | E64: 전극 분석 실험 | F64: 이온밀링 | G64: 샘플의 단면 분석 | H64: 샘플링 | I64: 홀더에 carbon tape 부착 뒤 전극 loading | J64: Hitachi ArBlade 5000 ion milling system, 광학현미경 | R64: 연구원 | S64: 1 | T64: 2 | U64: 30 | V64: =S64*T64*U64*12 -> 720 | W64: 5 | X64: 40 | Y64: =S64*T64*X64*12 -> 960 | Z64: 1소재, 1회 | AE64: 1 | AF64: 0.3 | AG64: 12 | AH64: =AE64*AF64*AG64*12 -> 43.2 | AJ64: 1 | AK64: 0.3 | AL64: 12 | AM64: =AJ64*AK64*AL64*12 -> 43.2 | AO64: 1 | AP64: 0.3 | AQ64: 12 | AR64: =AO64*AP64*AQ64*12 -> 43.2 | AT64: 1 | AU64: 0.3 | AV64: 12 | AW64: =AT64*AU64*AV64*12 -> 43.2
A65: 61 | B65: 양극재기술 | C65: 양극재1팀 | D65: 분석/측정 실험 | E65: 전극 분석 실험 | F65: 이온밀링 | G65: 샘플의 단면 분석 | H65: 샘플링 | I65: 이온밀링 홀더에 샘플 결착 후 광학현미경으로 보며 샘플 위치 정밀 조정 | R65: 연구원 | Y65: =S65*T65*X65*12 -> 0 | AE65: 1 | AF65: 1 | AG65: 12 | AH65: =AE65*AF65*AG65*12 -> 144 | AJ65: 1 | AK65: 1 | AL65: 12 | AM65: =AJ65*AK65*AL65*12 -> 144 | AO65: 1 | AP65: 1 | AQ65: 12 | AR65: =AO65*AP65*AQ65*12 -> 144 | AT65: 1 | AU65: 1 | AV65: 12 | AW65: =AT65*AU65*AV65*12 -> 144
A66: 62 | B66: 양극재기술 | C66: 양극재1팀 | D66: 분석/측정 실험 | E66: 전극 분석 실험 | F66: 이온밀링 | G66: 샘플의 단면 분석 | H66: 샘플 홀더 장비로 투입 | I66: 이온밀링 챔버 오픈 및 결착 | R66: 연구원 | Y66: =S66*T66*X66*12 -> 0 | AE66: 1 | AF66: 0.3 | AG66: 12 | AH66: =AE66*AF66*AG66*12 -> 43.2 | AJ66: 1 | AK66: 0.3 | AL66: 12 | AM66: =AJ66*AK66*AL66*12 -> 43.2 | AO66: 1 | AP66: 0.3 | AQ66: 12 | AR66: =AO66*AP66*AQ66*12 -> 43.2 | AT66: 1 | AU66: 0.3 | AV66: 12 | AW66: =AT66*AU66*AV66*12 -> 43.2
A67: 63 | B67: 양극재기술 | C67: 양극재1팀 | D67: 분석/측정 실험 | E67: 전극 분석 실험 | F67: 이온밀링 | G67: 샘플의 단면 분석 | H67: 이온밀링 | I67: 이온밀링 챔버 vacuum 뒤 이온밀링 시행 | M67: 방전 전류 370 정도 밀링 시간 전극 3장 2시간 | R67: 연구원 | Y67: =S67*T67*X67*12 -> 0 | AB67: 이온밀링 샘플당 1시간 진행 Q) 이온밀링 실험 시, 단일 실험당 연구원이 직접 수행 하는 실험이 5시간 소요? → 수정 完 | AE67: 1 | AF67: 0.15 | AG67: 60 | AH67: =AE67*AF67*AG67*12 -> 108 | AJ67: 1 | AK67: 0.15 | AL67: 60 | AM67: =AJ67*AK67*AL67*12 -> 108 | AO67: 1 | AP67: 0.15 | AQ67: 60 | AR67: =AO67*AP67*AQ67*12 -> 108 | AT67: 1 | AU67: 0.15 | AV67: 60 | AW67: =AT67*AU67*AV67*12 -> 108
A68: 64 | B68: 양극재기술 | C68: 양극재1팀 | D68: 전기화학평가 | E68: 셀 평가_코인셀 | F68: 코인셀 평가 | G68: 코인셀 용량/효율 평가 (dQ/dV 포함) | H68: 충방전 평가 진행 (0.1C 충/방 1회 측정) | I68: 비어있는 충방전 채널에 코인셀 체결 및 충방전 평가 진행 (0.1C 충/방 1회 측정) | K68: 충방전 조건 | L68: 충방전 용량 | M68: LMR:2.0~4.65V 활성화 2.5~4.55V / 4.4V 충방 | N68: 전극 활물질 용량 충방전 pattern | R68: 연구원 | S68: 1 | T68: 0.3 | U68: 30 | V68: =S68*T68*U68*12 -> 108 | W68: 0.3 | X68: 45 | Y68: =S68*T68*X68*12 -> 162 | Z68: 1소재, 3회 | AE68: 1 | AF68: 0.3 | AG68: 4 | AH68: =AE68*AF68*AG68*12 -> 14.4 | AJ68: 1 | AK68: 0.3 | AL68: 4 | AM68: =AJ68*AK68*AL68*12 -> 14.4 | AO68: 1 | AP68: 0.3 | AQ68: 4 | AR68: =AO68*AP68*AQ68*12 -> 14.4 | AT68: 1 | AU68: 0.3 | AV68: 4 | AW68: =AT68*AU68*AV68*12 -> 14.4
A69: 65 | B69: 양극재기술 | C69: 양극재1팀 | D69: 전기화학평가 | E69: 셀 평가_코인셀 | F69: 코인셀 평가 | G69: 코인셀 용량/효율 평가 (dQ/dV 포함) | H69: Data 정리 | I69: Data 정리 및 용량/효율 계산, 그래프 생성 | R69: 연구원 | S69: 1 | T69: 0.5 | U69: 30 | V69: =S69*T69*U69*12 -> 180 | W69: 0.1 | X69: 45 | Y69: =S69*T69*X69*12 -> 270 | Z69: 1소재, 3회 | AH69: =AE69*AF69*AG69*12 -> 0 | AM69: =AJ69*AK69*AL69*12 -> 0 | AR69: =AO69*AP69*AQ69*12 -> 0 | AW69: =AT69*AU69*AV69*12 -> 0
A70: 66 | B70: 양극재기술 | C70: 양극재1팀 | D70: 전기화학평가 | E70: 셀 평가_코인셀 | F70: 코인셀 평가 | G70: 코인셀 rate capability 평가 | H70: Rate별 평가 | I70: (용량 측정 후 이어서 진행) 충전 0.5C 고정, 방전 0.1C/0.2C/0.5C/1C/2C/5C 각각 1회씩 진행 | J70: Toyo 혹은 PNE, 상온챔버 | K70: C-rate, 전압대 | L70: 용량 및 용량 유지율 | M70: LFP: 1C, 4C | N70: 전극 활물질 용량 충방전 pattern | R70: 연구원 | S70: 1 | T70: 0.5 | U70: 30 | V70: =S70*T70*U70*12 -> 180 | W70: 0.1 | X70: 45 | Y70: =S70*T70*X70*12 -> 270 | Z70: 1소재, 3회 | AH70: =AE70*AF70*AG70*12 -> 0 | AM70: =AJ70*AK70*AL70*12 -> 0 | AR70: =AO70*AP70*AQ70*12 -> 0 | AW70: =AT70*AU70*AV70*12 -> 0
A71: 67 | B71: 양극재기술 | C71: 양극재1팀 | D71: 전기화학평가 | E71: 셀 평가_코인셀 | F71: 코인셀 평가 | G71: 코인셀 rate capability 평가 | H71: Data 정리 | I71: Data 정리, 그래프 생성 | O71: rate 에 따른 용량 및 용량 유지율, 충방전 효율, voltage profile | R71: 연구원 | S71: 1 | T71: 0.5 | U71: 30 | V71: =S71*T71*U71*12 -> 180 | W71: 0.1 | X71: 45 | Y71: =S71*T71*X71*12 -> 270 | Z71: 1소재, 3회 | AH71: =AE71*AF71*AG71*12 -> 0 | AM71: =AJ71*AK71*AL71*12 -> 0 | AR71: =AO71*AP71*AQ71*12 -> 0 | AW71: =AT71*AU71*AV71*12 -> 0
A72: 68 | B72: 양극재기술 | C72: 양극재1팀 | D72: 전기화학평가 | E72: 셀 평가_코인셀 | F72: 코인셀 평가 | G72: 가혹 조건 (온도: 45~60도, 상한전압: 4.5~4.6V)에서 퇴화 정도 분석 | H72: 가속화 평가 | I72: (Gen3 Ni68양극재 기준) 전해액 120uL 주액, 60도 챔버, 상한전압 4.6V, 충방 0.2C/0.5C formation, 이후 충방 0.5C/1C에서 사이클 진행 (소재에 따라 조건 가변적) | J72: PNE, 고온챔버 | K72: C-rate, 전압대, cycle 횟수 | L72: 용량 및 수명 유지율 | N72: 전극 활물질 용량 충방전 pattern | R72: 연구원 | S72: 1 | T72: 0.3 | U72: 15 | V72: =S72*T72*U72*12 -> 54 | W72: 0.15 | X72: 25 | Y72: =S72*T72*X72*12 -> 90 | Z72: 1소재, 3회 | AE72: 1 | AF72: 0.25 | AG72: 60 | AH72: =AE72*AF72*AG72*12 -> 180 | AJ72: 1 | AK72: 0.25 | AL72: 60 | AM72: =AJ72*AK72*AL72*12 -> 180 | AO72: 1 | AP72: 0.25 | AQ72: 60 | AR72: =AO72*AP72*AQ72*12 -> 180 | AT72: 1 | AU72: 0.25 | AV72: 60 | AW72: =AT72*AU72*AV72*12 -> 180
A73: 69 | B73: 양극재기술 | C73: 양극재1팀 | D73: 전기화학평가 | E73: 셀 평가_코인셀 | F73: 코인셀 평가 | G73: 가혹 조건 (온도: 45~60도, 상한전압: 4.5~4.6V)에서 퇴화 정도 분석 | H73: Data 정리 | I73: data 정리, 그래프 생성 | O73: 실험일자, 측정온도, 활물질 무게, cycle 에 따른 용량 유지율, 저항 증가율, Cut-off조건, 상한전압, 하한전압, c-rate, | R73: 연구원 | S73: 1 | T73: 0.5 | U73: 15 | V73: =S73*T73*U73*12 -> 90 | W73: 0.5 | X73: 25 | Y73: =S73*T73*X73*12 -> 150 | Z73: 1소재, 3회 | AH73: =AE73*AF73*AG73*12 -> 0 | AM73: =AJ73*AK73*AL73*12 -> 0 | AR73: =AO73*AP73*AQ73*12 -> 0 | AW73: =AT73*AU73*AV73*12 -> 0
A74: 70 | B74: 양극재기술 | C74: 양극재1팀 | D74: 전기화학평가 | E74: 셀 평가_코인셀 | F74: 코인셀 평가 | G74: 저온출력 평가 | H74: 활성화 및 SOC 설정 | I74: 상온 충방 0.1C/0.1C 1cyc → 0.1C충전 → DOD 80% 까지 0.1C 방전 | J74: PNE, 저온챔버 | R74: 연구원 | S74: 1 | T74: 0.3 | U74: 15 | V74: =S74*T74*U74*12 -> 54 | W74: 0.3 | X74: 25 | Y74: =S74*T74*X74*12 -> 90 | Z74: 1소재, 3회 | AE74: 1 | AF74: 0.15 | AG74: 60 | AH74: =AE74*AF74*AG74*12 -> 108 | AJ74: 1 | AK74: 0.15 | AL74: 60 | AM74: =AJ74*AK74*AL74*12 -> 108 | AO74: 1 | AP74: 0.15 | AQ74: 60 | AR74: =AO74*AP74*AQ74*12 -> 108 | AT74: 1 | AU74: 0.15 | AV74: 60 | AW74: =AT74*AU74*AV74*12 -> 108
A75: 71 | B75: 양극재기술 | C75: 양극재1팀 | D75: 전기화학평가 | E75: 셀 평가_코인셀 | F75: 코인셀 평가 | G75: 저온출력 평가 | H75: 챔버 온도 설정 | I75: 챔버온도 -10도로 설정 뒤 soaking 5시간 | R75: 연구원 | S75: 1 | T75: 0.01 | U75: 15 | V75: =S75*T75*U75*12 -> 1.8 | W75: 0.01 | X75: 25 | Y75: =S75*T75*X75*12 -> 3 | Z75: 1소재, 3회 | AE75: 1 | AF75: 0.1 | AG75: 60 | AH75: =AE75*AF75*AG75*12 -> 72 | AJ75: 1 | AK75: 0.1 | AL75: 60 | AM75: =AJ75*AK75*AL75*12 -> 72 | AO75: 1 | AP75: 0.1 | AQ75: 60 | AR75: =AO75*AP75*AQ75*12 -> 72 | AT75: 1 | AU75: 0.1 | AV75: 60 | AW75: =AT75*AU75*AV75*12 -> 72
A76: 72 | B76: 양극재기술 | C76: 양극재1팀 | D76: 전기화학평가 | E76: 셀 평가_코인셀 | F76: 코인셀 평가 | G76: 저온출력 평가 | H76: 저온출력 평가 | I76: 1C~5C 방전 pulse 진행 (cutoff 전압 1.5V) | K76: C-rate, 전압대 | L76: 용량 및 용량 유지율 | N76: 전극 활물질 용량 충방전 pattern | R76: 연구원 | S76: 1 | T76: 0.3 | U76: 15 | V76: =S76*T76*U76*12 -> 54 | W76: 0.3 | X76: 25 | Y76: =S76*T76*X76*12 -> 90 | Z76: 1소재, 3회 | AE76: 1 | AF76: 0.1 | AG76: 60 | AH76: =AE76*AF76*AG76*12 -> 72 | AJ76: 1 | AK76: 0.1 | AL76: 60 | AM76: =AJ76*AK76*AL76*12 -> 72 | AO76: 1 | AP76: 0.1 | AQ76: 60 | AR76: =AO76*AP76*AQ76*12 -> 72 | AT76: 1 | AU76: 0.1 | AV76: 60 | AW76: =AT76*AU76*AV76*12 -> 72
A77: 73 | B77: 양극재기술 | C77: 양극재1팀 | D77: 전기화학평가 | E77: 셀 평가_코인셀 | F77: 코인셀 평가 | G77: 저온출력 평가 | H77: Data 정리 | I77: data 정리, 그래프 생성 및 2V 전압 도달 시간 계산 | O77: 실험일자, 측정온도, 활물질 무게, C-rate, current, 하한전압, Cut-off조건, 측정 SOC, 1.5V 도달시간, Voltage profile | R77: 연구원 | S77: 1 | T77: 0.5 | U77: 4 | V77: =S77*T77*U77*12 -> 24 | W77: 0.1 | X77: 8 | Y77: =S77*T77*X77*12 -> 48 | Z77: 1소재, 3회 | AE77: 1 | AF77: 0.1 | AG77: 4 | AH77: =AE77*AF77*AG77*12 -> 4.8 | AJ77: 1 | AK77: 0.1 | AL77: 4 | AM77: =AJ77*AK77*AL77*12 -> 4.8 | AO77: 1 | AP77: 0.1 | AQ77: 4 | AR77: =AO77*AP77*AQ77*12 -> 4.8 | AT77: 1 | AU77: 0.1 | AV77: 4 | AW77: =AT77*AU77*AV77*12 -> 4.8
A78: 74 | B78: 양극재기술 | C78: 양극재1팀 | D78: 샘플 제작 실험 | E78: 셀 제작 | F78: 모노셀 제작 | G78: 모노셀 주액_x000D_ | H78: 전해액 주액 | I78: 건조된 모노셀에 전해액 주액 | J78: 피펫, 모노셀 degas 장비 | R78: 연구원 | S78: 1 | T78: 1 | U78: 12 | V78: =S78*T78*U78*12 -> 144 | W78: 1 | X78: 60 | Y78: =S78*T78*X78*12 -> 720 | Z78: 1소재, 3회 | AE78: 1 | AF78: 2 | AG78: 4 | AH78: =AE78*AF78*AG78*12 -> 96 | AJ78: 1 | AK78: 2 | AL78: 4 | AM78: =AJ78*AK78*AL78*12 -> 96 | AO78: 1 | AP78: 2 | AQ78: 4 | AR78: =AO78*AP78*AQ78*12 -> 96 | AT78: 1 | AU78: 2 | AV78: 4 | AW78: =AT78*AU78*AV78*12 -> 96
A79: 75 | B79: 양극재기술 | C79: 양극재1팀 | D79: 샘플 제작 실험 | E79: 셀 제작 | F79: 모노셀 제작 | G79: 모노셀 주액_x000D_ | H79: 전해액 wetting | I79: 진공챔버에서 30초씩 2번 vacuum 시행 | R79: 연구원 | Y79: =S79*T79*X79*12 -> 0 | AE79: 1 | AF79: 0.3 | AG79: 4 | AH79: =AE79*AF79*AG79*12 -> 14.4 | AJ79: 1 | AK79: 0.3 | AL79: 4 | AM79: =AJ79*AK79*AL79*12 -> 14.4 | AO79: 1 | AP79: 0.3 | AQ79: 4 | AR79: =AO79*AP79*AQ79*12 -> 14.4 | AT79: 1 | AU79: 0.3 | AV79: 4 | AW79: =AT79*AU79*AV79*12 -> 14.4
A80: 76 | B80: 양극재기술 | C80: 양극재1팀 | D80: 샘플 제작 실험 | E80: 셀 제작 | F80: 모노셀 제작 | G80: 모노셀 주액_x000D_ | H80: 모노셀 실링 | I80: degas 장비에서 모노셀 실링(진공압착), 수기로 cell number 기입 | J80: 모노셀 degas 장비 | R80: 연구원 | Y80: =S80*T80*X80*12 -> 0 | AE80: 1 | AF80: 0.1 | AG80: 4 | AH80: =AE80*AF80*AG80*12 -> 4.8 | AJ80: 1 | AK80: 0.1 | AL80: 4 | AM80: =AJ80*AK80*AL80*12 -> 4.8 | AO80: 1 | AP80: 0.1 | AQ80: 4 | AR80: =AO80*AP80*AQ80*12 -> 4.8 | AT80: 1 | AU80: 0.1 | AV80: 4 | AW80: =AT80*AU80*AV80*12 -> 4.8
A81: 77 | B81: 양극재기술 | C81: 양극재1팀 | D81: 샘플 제작 실험 | E81: 셀 제작 | F81: 모노셀 제작 | G81: 모노셀 lamination | H81: lamination | I81: lamination 1회 진행 (60~130도, 5~300초) | R81: 연구원 | Y81: =S81*T81*X81*12 -> 0 | AE81: 1 | AF81: 0.1 | AG81: 4 | AH81: =AE81*AF81*AG81*12 -> 4.8 | AJ81: 1 | AK81: 0.1 | AL81: 4 | AM81: =AJ81*AK81*AL81*12 -> 4.8 | AO81: 1 | AP81: 0.1 | AQ81: 4 | AR81: =AO81*AP81*AQ81*12 -> 4.8 | AT81: 1 | AU81: 0.1 | AV81: 4 | AW81: =AT81*AU81*AV81*12 -> 4.8
A82: 78 | B82: 양극재기술 | C82: 양극재1팀 | D82: 샘플 제작 실험 | E82: 셀 제작 | F82: 모노셀 제작 | G82: 모노셀 formation | H82: 모노셀의 활성화 공정 | I82: 12시간 상온 wetting 후, 3hr 충전 후 24시간 대기, 활성화 공정 진행 | J82: PNE충방전기 (5V, 1A) , PC, 항온 챔버 | R82: 연구원 | S82: 1 | T82: 0.3 | U82: 12 | V82: =S82*T82*U82*12 -> 43.2 | W82: 0.2 | X82: 24 | Y82: =S82*T82*X82*12 -> 86.4 | Z82: 1소재, 3회 | AB82: 모노셀은 대부분 상온 SOC 30 까지 0.1C로 진해_x000D_ | AE82: 1 | AF82: 0.05 | AG82: 4 | AH82: =AE82*AF82*AG82*12 -> 2.4 | AJ82: 1 | AK82: 0.05 | AL82: 4 | AM82: =AJ82*AK82*AL82*12 -> 2.4 | AO82: 1 | AP82: 0.05 | AQ82: 4 | AR82: =AO82*AP82*AQ82*12 -> 2.4 | AT82: 1 | AU82: 0.05 | AV82: 4 | AW82: =AT82*AU82*AV82*12 -> 2.4
A83: 79 | B83: 양극재기술 | C83: 양극재1팀 | D83: 샘플 제작 실험 | E83: 셀 제작 | F83: 모노셀 제작 | G83: 모노셀 degas & resealing | H83: 활성화 완료된 모노셀, degas 장비로 이동 | I83: 활성화 완료된 모노셀에 포스트잇 부착 +degas 장비(드라이룸)으로 이동 | R83: 연구원 | S83: 1 | T83: 1 | U83: 12 | V83: =S83*T83*U83*12 -> 144 | W83: 1 | X83: 60 | Y83: =S83*T83*X83*12 -> 720 | Z83: 1소재, 3회 | AH83: =AE83*AF83*AG83*12 -> 0 | AM83: =AJ83*AK83*AL83*12 -> 0 | AR83: =AO83*AP83*AQ83*12 -> 0 | AW83: =AT83*AU83*AV83*12 -> 0
A84: 80 | B84: 양극재기술 | C84: 양극재1팀 | D84: 샘플 제작 실험 | E84: 셀 제작 | F84: 모노셀 제작 | G84: 모노셀 degas & resealing | H84: 모노셀 resealing | I84: 모노셀 부분 6cm로 맞추어 cutting | J84: 작두 | R84: 연구원 | Y84: =S84*T84*X84*12 -> 0 | AE84: 2 | AF84: 0.33 | AG84: 150 | AH84: =AE84*AF84*AG84*12 -> 1188 | AJ84: 2 | AK84: 0.33 | AL84: 150 | AM84: =AJ84*AK84*AL84*12 -> 1188 | AO84: 2 | AP84: 0.33 | AQ84: 150 | AR84: =AO84*AP84*AQ84*12 -> 1188 | AT84: 2 | AU84: 0.33 | AV84: 150 | AW84: =AT84*AU84*AV84*12 -> 1188
A85: 81 | B85: 양극재기술 | C85: 양극재1팀 | D85: 샘플 제작 실험 | E85: 셀 제작 | F85: 모노셀 제작 | G85: 모노셀 degas & resealing | H85: 모노셀 부분 6-7cm로 맞추어 cutting | I85: degas 장비에서 모노셀 re-실링(진공압착) | J85: degas 장비 | R85: 연구원 | Y85: =S85*T85*X85*12 -> 0 | AE85: 1 | AF85: 0.1 | AG85: 150 | AH85: =AE85*AF85*AG85*12 -> 180 | AJ85: 1 | AK85: 0.1 | AL85: 150 | AM85: =AJ85*AK85*AL85*12 -> 180 | AO85: 1 | AP85: 0.1 | AQ85: 150 | AR85: =AO85*AP85*AQ85*12 -> 180 | AT85: 1 | AU85: 0.1 | AV85: 150 | AW85: =AT85*AU85*AV85*12 -> 180
A86: 82 | B86: 양극재기술 | C86: 양극재1팀 | D86: 전기화학평가 | E86: 셀 평가_모노셀 | F86: 모노셀_지그체결 | G86: 모노셀 평가 | H86: zig 체결 | I86: 지그 체결 (우레탄폼 cutting 포함) | J86: 모노셀용 jig, 실리콘 패드 또는 우레탄폼, 토크렌치 | R86: 연구원 | S86: 1 | T86: 1 | U86: 12 | V86: =S86*T86*U86*12 -> 144 | W86: 0.5 | X86: 60 | Y86: =S86*T86*X86*12 -> 720 | Z86: 1소재, 3회 | AE86: 0 | AF86: 0.33 | AG86: 150 | AH86: =AE86*AF86*AG86*12 -> 0 | AJ86: 0 | AK86: 0.33 | AL86: 150 | AM86: =AJ86*AK86*AL86*12 -> 0 | AO86: 0 | AP86: 0.33 | AQ86: 150 | AR86: =AO86*AP86*AQ86*12 -> 0 | AT86: 0 | AU86: 0.33 | AV86: 150 | AW86: =AT86*AU86*AV86*12 -> 0
A87: 83 | B87: 양극재기술 | C87: 양극재1팀 | D87: 전기화학평가 | E87: 셀 평가_모노셀 | F87: 모노셀_지그체결 | G87: 용량 및 저항 분석 | H87: 비어있는 충방전 채널에 모노셀 체결 | I87: 충방전기 챔버로 이동 후, 지그에 모노셀 체결 및 충방전 패턴 설정 등 측정 준비 | J87: 항온챔버, | R87: 연구원 | Y87: =S87*T87*X87*12 -> 0 | AE87: 2 | AF87: 0.33 | AG87: 150 | AH87: =AE87*AF87*AG87*12 -> 1188 | AJ87: 2 | AK87: 0.33 | AL87: 150 | AM87: =AJ87*AK87*AL87*12 -> 1188 | AO87: 2 | AP87: 0.33 | AQ87: 150 | AR87: =AO87*AP87*AQ87*12 -> 1188 | AT87: 2 | AU87: 0.33 | AV87: 150 | AW87: =AT87*AU87*AV87*12 -> 1188
A88: 84 | B88: 양극재기술 | C88: 양극재1팀 | D88: 전기화학평가 | E88: 셀 평가_모노셀 | F88: 모노셀 용량/ 저항 평가 | G88: 용량 및 저항 분석 | H88: 모노셀 용량 및 HPPC 평가 | I88: 모노셀 용량 및 HPPC 평가 진행 | J88: PNE충방전기 (5V, 1A) , PC, 항온 챔버 | K88: SOC | L88: 저항 | R88: 연구원 | Y88: =S88*T88*X88*12 -> 0 | AH88: =AE88*AF88*AG88*12 -> 0 | AM88: =AJ88*AK88*AL88*12 -> 0 | AR88: =AO88*AP88*AQ88*12 -> 0 | AW88: =AT88*AU88*AV88*12 -> 0
A89: 85 | B89: 양극재기술 | C89: 양극재1팀 | D89: 전기화학평가 | E89: 셀 평가_모노셀 | F89: 모노셀 용량/ 저항 평가 | G89: 용량 및 저항 분석 | H89: Data 정리 | I89: data 추출 및 정리 | N89: 초가 HPPC 측정 raw data | O89: 충/방전 pulse C-rate, 충/방전 SOC 별 저항 | R89: 연구원 | S89: 1 | T89: 2 | U89: 12 | V89: =S89*T89*U89*12 -> 288 | W89: 0.05 | X89: 60 | Y89: =S89*T89*X89*12 -> 1440 | Z89: 1소재, 3회 | AH89: =AE89*AF89*AG89*12 -> 0 | AM89: =AJ89*AK89*AL89*12 -> 0 | AR89: =AO89*AP89*AQ89*12 -> 0 | AW89: =AT89*AU89*AV89*12 -> 0
A90: 86 | B90: 양극재기술 | C90: 양극재1팀 | D90: 전기화학평가 | E90: 셀 평가_모노셀 | F90: 모노셀 용량/ 저항 평가 | G90: 용량 및 저항 분석 | H90: 추가 평가를 위한 셀 선별 _x000D_ | I90: 저항 유사한 순으로 셀 선별 | O90: 초기 용량, 저항, OCV 정보 등 | R90: 연구원 | Y90: =S90*T90*X90*12 -> 0 | AE90: 1 | AF90: 0.33 | AG90: 4 | AH90: =AE90*AF90*AG90*12 -> 15.84 | AJ90: 1 | AK90: 0.33 | AL90: 4 | AM90: =AJ90*AK90*AL90*12 -> 15.84 | AO90: 1 | AP90: 0.33 | AQ90: 4 | AR90: =AO90*AP90*AQ90*12 -> 15.84 | AT90: 1 | AU90: 0.33 | AV90: 4 | AW90: =AT90*AU90*AV90*12 -> 15.84
A91: 87 | B91: 양극재기술 | C91: 양극재1팀 | D91: 전기화학평가 | E91: 셀 평가_모노셀 | F91: 모노셀 용량/ 저항 평가 | G91: 용량 및 저항 분석 | H91: 비어있는 충방전 채널에 모노셀 체결 (상온수명/고온수명/고온저장 각각) | I91: 선별된 셀을 각각 상온/고온 충방전 챔버에 체결 및 충방전 패턴 설정/저장 설정, 고온 저장용 셀은 충전 후 별도 챔버에 보관 (HPPC 후 초기) | J91: PNE, 상온챔버 | R91: 연구원 | S91: 1 | T91: 0.5 | U91: 12 | V91: =S91*T91*U91*12 -> 72 | W91: 0.25 | X91: 24 | Y91: =S91*T91*X91*12 -> 144 | Z91: 1소재, 3회 | AE91: 1 | AF91: 0.1 | AG91: 4 | AH91: =AE91*AF91*AG91*12 -> 4.8 | AJ91: 1 | AK91: 0.1 | AL91: 4 | AM91: =AJ91*AK91*AL91*12 -> 4.8 | AO91: 1 | AP91: 0.1 | AQ91: 4 | AR91: =AO91*AP91*AQ91*12 -> 4.8 | AT91: 1 | AU91: 0.1 | AV91: 4 | AW91: =AT91*AU91*AV91*12 -> 4.8
A92: 88 | B92: 양극재기술 | C92: 양극재1팀 | D92: 전기화학평가 | E92: 셀 평가_모노셀 | F92: 모노셀 용량/ 저항 평가 | G92: 용량 및 저항 분석 | H92: 비어있는 충방전 채널에 모노셀 체결 (상온수명/고온수명/고온저장 각각) | I92: cycle 및 storage RPT 측정을 위한 cell 이동 체결/충방전 패턴 설정 | R92: 연구원 | S92: 1 | T92: 0.5 | U92: 12 | V92: =S92*T92*U92*12 -> 72 | W92: 0.25 | X92: 24 | Y92: =S92*T92*X92*12 -> 144 | Z92: 1소재, 3회 | AE92: 1 | AF92: 0.2 | AG92: 150 | AH92: =AE92*AF92*AG92*12 -> 360 | AJ92: 1 | AK92: 0.2 | AL92: 150 | AM92: =AJ92*AK92*AL92*12 -> 360 | AO92: 1 | AP92: 0.2 | AQ92: 150 | AR92: =AO92*AP92*AQ92*12 -> 360 | AT92: 1 | AU92: 0.2 | AV92: 150 | AW92: =AT92*AU92*AV92*12 -> 360
A93: 89 | B93: 양극재기술 | C93: 양극재1팀 | D93: 샘플 제작 실험 | E93: 셀 제작 | F93: 모노셀 제작_가스발생 평가용 셀 | G93: 가스평가용 모노셀 제작 | H93: 모노셀 분해 | I93: HPPC측정 완료된 모노셀에서 양극+분리막 분리 | R93: 연구원 | S93: 2 | T93: 1 | U93: 12 | V93: =S93*T93*U93*12 -> 288 | W93: 1 | X93: 60 | Y93: =S93*T93*X93*12 -> 1440 | Z93: 1소재, 3회 | AE93: 2 | AF93: 2 | AG93: 12 | AH93: =AE93*AF93*AG93*12 -> 576 | AJ93: 2 | AK93: 2 | AL93: 12 | AM93: =AJ93*AK93*AL93*12 -> 576 | AO93: 2 | AP93: 2 | AQ93: 12 | AR93: =AO93*AP93*AQ93*12 -> 576 | AT93: 2 | AU93: 2 | AV93: 12 | AW93: =AT93*AU93*AV93*12 -> 576
A94: 90 | B94: 양극재기술 | C94: 양극재1팀 | D94: 샘플 제작 실험 | E94: 셀 제작 | F94: 모노셀 제작_가스발생 평가용 셀 | G94: 가스평가용 모노셀 제작 | H94: 양극+분리막 세척 | I94: DMC로 세척 및 면봉 이용해 이물 제거 | R94: 연구원 | Y94: =S94*T94*X94*12 -> 0 | Z94: 1소재, 3회 | AH94: =AE94*AF94*AG94*12 -> 0 | AM94: =AJ94*AK94*AL94*12 -> 0 | AR94: =AO94*AP94*AQ94*12 -> 0 | AW94: =AT94*AU94*AV94*12 -> 0
A95: 91 | B95: 양극재기술 | C95: 양극재1팀 | D95: 샘플 제작 실험 | E95: 셀 제작 | F95: 모노셀 제작_가스발생 평가용 셀 | G95: 가스평가용 모노셀 제작 | H95: 모노셀 파우치 제작 | I95: 양극+분리막 2개씩 포개어 모노셀 파우치에 삽입 | R95: 연구원 | Y95: =S95*T95*X95*12 -> 0 | Z95: 1소재, 3회 | AE95: 2 | AF95: 0.5 | AG95: 8 | AH95: =AE95*AF95*AG95*12 -> 96 | AJ95: 2 | AK95: 0.5 | AL95: 8 | AM95: =AJ95*AK95*AL95*12 -> 96 | AO95: 2 | AP95: 0.5 | AQ95: 8 | AR95: =AO95*AP95*AQ95*12 -> 96 | AT95: 2 | AU95: 0.5 | AV95: 8 | AW95: =AT95*AU95*AV95*12 -> 96
A96: 92 | B96: 양극재기술 | C96: 양극재1팀 | D96: 샘플 제작 실험 | E96: 셀 제작 | F96: 모노셀 제작_가스발생 평가용 셀 | G96: 가스평가용 모노셀 제작 | H96: 모노셀 건조 | I96: 60도 진공오븐에서 1시간 건조 | J96: 진공오븐 | R96: 연구원 | S96: 1 | T96: 0.03 | U96: 12 | V96: =S96*T96*U96*12 -> 4.32 | W96: 0.03 | X96: 60 | Y96: =S96*T96*X96*12 -> 21.6 | Z96: 1소재, 3회 | AE96: 2 | AF96: 1 | AG96: 8 | AH96: =AE96*AF96*AG96*12 -> 192 | AJ96: 2 | AK96: 1 | AL96: 8 | AM96: =AJ96*AK96*AL96*12 -> 192 | AO96: 2 | AP96: 1 | AQ96: 8 | AR96: =AO96*AP96*AQ96*12 -> 192 | AT96: 2 | AU96: 1 | AV96: 8 | AW96: =AT96*AU96*AV96*12 -> 192
A97: 93 | B97: 양극재기술 | C97: 양극재1팀 | D97: 샘플 제작 실험 | E97: 셀 제작 | F97: 모노셀 제작_가스발생 평가용 셀 | G97: 가스평가용 모노셀 제작 | H97: 전해액 주액 | I97: 전해액 400uL 주액 | J97: 피펫, 모노셀 degas 장비 | R97: 연구원 | S97: 1 | T97: 0.5 | U97: 12 | V97: =S97*T97*U97*12 -> 72 | W97: 0.5 | X97: 60 | Y97: =S97*T97*X97*12 -> 360 | Z97: 1소재, 3회 | AE97: 2 | AF97: 1.5 | AG97: 8 | AH97: =AE97*AF97*AG97*12 -> 288 | AJ97: 2 | AK97: 1.5 | AL97: 8 | AM97: =AJ97*AK97*AL97*12 -> 288 | AO97: 2 | AP97: 1.5 | AQ97: 8 | AR97: =AO97*AP97*AQ97*12 -> 288 | AT97: 2 | AU97: 1.5 | AV97: 8 | AW97: =AT97*AU97*AV97*12 -> 288
A98: 94 | B98: 양극재기술 | C98: 양극재1팀 | D98: 샘플 제작 실험 | E98: 셀 제작 | F98: 모노셀 제작_가스발생 평가용 셀 | G98: 가스평가용 모노셀 제작 | H98: 모노셀 실링 | I98: degas 장비에서 진공압착 | R98: 연구원 | Y98: =S98*T98*X98*12 -> 0 | Z98: 1소재, 3회 | AH98: =AE98*AF98*AG98*12 -> 0 | AM98: =AJ98*AK98*AL98*12 -> 0 | AR98: =AO98*AP98*AQ98*12 -> 0 | AW98: =AT98*AU98*AV98*12 -> 0
A99: 95 | B99: 양극재기술 | C99: 양극재1팀 | D99: 샘플 제작 실험 | E99: 셀 제작 | F99: 모노셀 제작_가스발생 평가용 셀 | G99: 가스평가용 모노셀 제작 | H99: 모노셀 부분 6-7cm로 맞추어 cutting | I99: 실링된 부분 맞추어 cutting | R99: 연구원 | Y99: =S99*T99*X99*12 -> 0 | Z99: 1소재, 3회 | AE99: 1 | AF99: 0.25 | AG99: 8 | AH99: =AE99*AF99*AG99*12 -> 24 | AJ99: 1 | AK99: 0.25 | AL99: 8 | AM99: =AJ99*AK99*AL99*12 -> 24 | AO99: 1 | AP99: 0.25 | AQ99: 8 | AR99: =AO99*AP99*AQ99*12 -> 24 | AT99: 1 | AU99: 0.25 | AV99: 8 | AW99: =AT99*AU99*AV99*12 -> 24
A100: 96 | B100: 양극재기술 | C100: 양극재1팀 | D100: 전기화학평가 | E100: 셀 평가_모노셀 | F100: 모노셀 수명 평가 | G100: 수명 평가 | H100: 수명 평가 | I100: (In-situ cycle) 45도 챔버에서 평가. 매 100cyc Cycle RPT, DCIR 측정 | J100: PNE충방전기 (5V, 1A) , PC, 항온 챔버 | K100: C-rate, 전압대, cycle 횟수 | L100: 용량 및 수명 유지율, 저항 | M100: CCCV, 0.33C, 45도 200 cycle | N100: 전극 활물질 용량 충방전 pattern | O100: 실험일자, 측정온도, C-rate, Current, 상한전압, 하한전압, Cut-off조건, 저항 측정 방전 pulse C-rate, 저항 측정 SOC, 저항 (0.1s), 저항 (0.1-10s), cycle에 따른 용량유지율/저항증가율 | R100: 연구원 | S100: 1 | T100: 0.3 | U100: 12 | V100: =S100*T100*U100*12 -> 43.2 | W100: 0.3 | X100: 60 | Y100: =S100*T100*X100*12 -> 216 | Z100: 1소재, 3회 | AE100: 1 | AF100: 0.25 | AG100: 8 | AH100: =AE100*AF100*AG100*12 -> 24 | AJ100: 1 | AK100: 0.25 | AL100: 8 | AM100: =AJ100*AK100*AL100*12 -> 24 | AO100: 1 | AP100: 0.25 | AQ100: 8 | AR100: =AO100*AP100*AQ100*12 -> 24 | AT100: 1 | AU100: 0.25 | AV100: 8 | AW100: =AT100*AU100*AV100*12 -> 24
...

Sheet 보조1_세부공정_분석
B3: LEVEL 0 | C3: LEVEL 1,2 | D3: LEVEL 2 | E3: LEVEL 3 | F3: LEVEL 4 | G3: LEVEL 5
B4: 실험 분류 | C4: 공정 | D4: 실험/분석법 상세 | E4: 실험 목적 | F4: Process step or SOP | G4: 상세 설명
C5: PSD 측정 | F5: 샘플링 | G5: 분산액 제조 (Powder + 분산제 + DI Water) powder 드라이품에서 소분, 분산제 (triton-X,1% sol) 준비, 3차 증류수 받기 -> 분산액 제조 (powder ~0.04g + 분산제 0.1ml, DI water 10g)
F6: 장비 세팅 | G6: 고형분 장비를 켠 후 DI water를 통해 background를 측정한다.
F7: 전처리 | G7: 분산액이 담긴 vial에 대해 외부 초음파 처리 1min
F8: 샘플 loading 및 측정 | G8: 장비에 분산액 투입 및 측정 시작
F9: 장비 세척 및 정리 | G9: 측정 장비를 세척한다.
F10: Data 정리 | G10: data 추출 (vol. /Num. 기준 각각) 및 정리/그래프 그리기, (측정 및 클리닝에 사용되는 폐수 주기적으로 별도 폐기 필요)
C11: SEM 분석 | F11: 샘플링 | G11: 샘플홀더에 카본테이브 부착 후, 소량의 powder (혹은 전극) 부착
F12: 샘플 홀더 장비로 투입 | G12: 샘플 홀더 장비로 투입
F13: 이미지 생성 | G13: 원하는 샘플 SEM 이미지 (입자의 형태를 잘 확인할 수 있는) 확인 후 배율별로 각각 캡쳐
F14: EDS 분석_x000D_ | G14: EDS 분석
F15: Data 저장_x000D_ | G15: Data 저장 후 추출
F16: 샘플 홀더 자동 배출_x000D_ | G16: 샘플 홀더 배출
F17: 샘플 홀더 클리닝_x000D_ | G17: 샘플 홀더 클리닝
C18: SEM 분석 (이온밀링) | F18: 이온밀링_x000D_ | G18: 일부 연구원들은 라이선스를 받아 직접 측정하기도 하나, quality있는 분석과 결과를 위해 분석담당에 분석 의뢰 중
F19: 전극 단면 분석 (SEM/EDS) | G19: 26년 기준 시료 ~20개 의뢰
C20: 슬러리 유변물성 측정 | F20: 샘플링 | G20: 주사기에 슬러리 11ml 샘플링 (샘플 1종당 4개) 후 1개를 제외하고 3개는 상온 챔버에 보관
F21: calibraton | G21: 장비 calibration 진행 -> geomerty 장착 후 calibration 추가 진행 (장비 오류 확인 작업), 4회 반복 (0, 1, 2, 7일)
F22: 슬러리 투입 | G22: 주사기로 슬러리 9-11ml 투입 후 측정 조건/저장 setting
F23: 슬러리 유변물성 측정 | G23: 유변 물성 측정 (시퀀스에 따라 측정소요 시간 달라짐)
F24: Data 정리 | G24: data 추출 및 초기 점도 대비 1, 2, 7일차 점도 변화율 계산/정리 (data 정리는 동일 시료 한번에 정리)
F25: 장비 세척 및 정리 | G25: 사용한 장비 세척
C26: XRD | F26: 샘플 소분 | G26: 시료 소분 후 분석실 이동
F27: 샘플링 | G27: ①샘플 홀더에 powder 평평하게 샘플링 ② 홀더 주변 클리닝 (에틸알콜 등), ③ 홀더에 샘플명/이름/날짜 수기로 기입, ④ 샘플 홀더 장비에 투입 후 측정 패턴 및 저장 setting
F28: XRD 측정 | G28: XRD 측정
F29: Data 변환 및 fitting | G29: ① Topaz 프로그램 활용하여 Rietveld refinement진행, 필요 데이터 계산 및 추출 (strain, crystal density, lattice parameter, cation mixing, X-size) ② EVA 프로그램 활용하여 (003), (104) peak FWHM 계산 및 추출, raw data는 xy형식 파일로 저장하여 추출 / 결정립 fitting ③xy파일로 raw data불러와 origin 또는 MDS이용해 그래프 생성
F30: 장비 세척 및 정리 | G30: 사용한 샘플홀더 세척 및 정리
F31: 그래프 생성 | G31: 추출한 data로 그래프 생성
C32: BET | F32: 샘플링 | G32: 비어있는 BET 초자의 무게 측정 -> 초자에 샘플 투입 (powder 0.2~2g/밀도가 낮은 샘플은 g수를 더 낮춰서 투입) -> 초자 neck부분에 묻어있는 시료는 면봉으로 닦아주기, 전처리 장비에 초자 연결
F33: 전처리_x000D_ | G33: 300℃ 진공상태에서 2시간동안 전처리 진행 (pore V.이 큰 원료의 경우, 전처리 시간 증가) --> 상온으로 식히기
F34: 무게 측정_x000D_ | G34: 전처리 진행한 샘플이 담긴 BET 초자의 무게 측정-> 샘플 무게 계산
F35: 측정 준비 | G35: BET 장비에 초자 장착 -> 가스보관실에서 액체 질소 소분 후 장비 용기에 덜어주기, 측정 패턴/파일명 등 설정
F36: 측정 | G36: 측정 시작 (장비에 따라 2개 소재 동시 분석 가능)
F37: Data 정리 | G37: data 추출 및 정리 (그래프 그리기, pore 크기별 비율 계산 등)
F38: 장비 세척 및 정리 | G38: 사용한 초자 세척 및 정리
C39: Tap 밀도 | F39: 샘플링 | G39: 메스실린더에 시료 40g 계량 후 투입 및 tap밀도 측정기에 장착
F40: 1000회 tapping | G40: 1000회 tapping
F41: Tap 밀도 측정 | G41: 메스실린더 부피 확인 및 tap 밀도 계산
F42: 장비 세척 및 정리 | G42: 사용한 메스실린더 세척 및 정리
C43: 진밀도 측정 | F43: 샘플링 | G43: 드라이룸에서 시료 소분 후, 진밀도 전용기에 분체 투입 후 tapping, cap 장착, 측정 조건 및 횟수 등 설정 (온도 안정화 될때까지 대기)
F44: 측정 | G44: 진밀도 측정
F45: Data 정리 | G45: data 추출
F46: 장비 세척 및 정리 | G46: 사용한 초자 세척 및 정리
C47: 전극 접착력 측정 | F47: 샘플링 | G47: 전극 접착력 size (2*10cm)로 전극 타발
F48: 슬라이드 글라스에 양면테이프 부착 | G48: 슬라이드 글라스에 양면테이프 부착
F49: 슬라이드 글라스에 전극 부착 | G49: 테이프 위에 타발한 전극 부착
F50: 롤러 작업_x000D_ | G50: 전극 부착된 슬라이드 글라스 롤링 작업 왕복 10회
F51: 접착력 측정기에 부착_x000D_ | G51: 접착력 측정기에 슬라이드글라스 부착
F52: 접착력 측정 | G52: 전극 접착력 측정 (90도, peel-off), 한소재당 4-5개 측정
F53: Data 정리_x000D_ | G53: data 추출 및 정리
C54: 수분 함량 측정 | F54: 샘플링 | G54: 전용 바이알에 시료 1g 소분
F55: 바이알 장착 | G55: Karl Fischer 장비에 위치시킴. (빈 병의 수분 측정 위한 1개 포함)
F56: 측정 온도 조건 설정 | G56: 원하는 측정 온도 조건 설정
F57: Calibration | G57: 수분함량 측정 시작 후 장비에 연결된 비커 내 용액의 상태 칼리브레이션 시작
F58: 측정 | G58: 장비가 설정한 시료의 개수만큼 자동으로 위치 바꿔가며 측정함.
F59: Data 정리 | G59: data 저장 후 추출
F60: 장비 세척 및 정리 | G60: 세척및 정리
C62: 음극재 1팀 특수 실험
C63: Slurry gas 발생량 측정_x000D_ | F63: 샘플링 | G63: Al pouch 외관에 샘플명/날짜 등 기입 | H63: 음극재 1팀 특수 실험
F64: 슬러리 투입 | G64: gas 발생 평가용 슬러리 20g을 Al pouch에 투입 (동일 시료 당 2개 - 반복 측정 및 온도 변경 측정) | H64: 음극재 1팀 특수 실험
F65: 파우치 실링 | G65: 진공 sealing 장비를 이용하여 degas 및 실링, pouch cutting 포함 | H65: 음극재 1팀 특수 실험
F66: 부피 측정 | G66: Al pouch를 DI water가 있는 메스실린더에 넣고, 초기 부피 측정 | H66: 음극재 1팀 특수 실험
F67: 세척 후 보관 | G67: Pouch 외관에 묻은 물기 (수분) 닦아서 제거 -> 40℃ 항온 챔버에 Al pouch 보관 | H67: 음극재 1팀 특수 실험
F68: 시간별 부피 측정 | G68: 1일차 : 40℃ 항온 챔버에 Al pouch를 꺼냄 --> 5~10min 정도 상온에서 대기 (온도를 내리기 위한 목적) --> Al pouch를 DI water가 있는 메스실린더에 넣고, 1일차 부피 측정 -> Pouch 외관에 묻은 물기 (수분) 닦아서 제거 --> 40℃ 항온 챔버에 Al pouch 보관 (위 과정을 1, 2, 7일차까지 반복) 같은 pouch로 3일 추가 측정 | H68: 음극재 1팀 특수 실험
F69: Data 정리 | G69: 0일차 초기 두께 대비 1, 2, 7일차 Al pouch의 부피 증가량 계산 후 data정리 (표 또는 그래프) | H69: 음극재 1팀 특수 실험
F70: 장비 세척 및 정리 | G70: Al pouch 폐기 (pouch open한 후 폐슬러리 별도 보관함에 투입 과정 포함) | H70: 음극재 1팀 특수 실험
C73: 리사이클 팀 특수 실험
C74: 압연 밀도 분석 | D74: 장비 calibration | E74: 샘플 loading 되지 않은 몰드를 이용하여 9ton까지 pressing 하며 calibration | F74: 장비 calibration | G74: 샘플 loading 되지 않은 몰드를 이용하여 9ton까지 pressing 하며 calibration | H74: 양극재담당 특수 실험
D75: 몰드 내 샘플 투입 및 장비 투입 | E75: 1g의 활물질 파우더를 정량하여 몰드에 넣어준 후 장비에 loading | F75: 몰드 내 샘플 투입 및 장비 투입 | G75: 1g의 활물질 파우더를 정량하여 몰드에 넣어준 후 장비에 loading | H75: 양극재담당 특수 실험
D76: 샘플 측정 | E76: 1 ~ 9 ton, 1ton 간격으로 압연 두께 측정 및 데이터 기록 | F76: 샘플 측정 | G76: 1 ~ 9 ton, 1ton 간격으로 압연 두께 측정 및 데이터 기록 | H76: 양극재담당 특수 실험
D77: 클리닝 | E77: 클리닝 | F77: 클리닝 | G77: 클리닝 | H77: 양극재담당 특수 실험
C78: 잔류 리튬 측정(LI2CO3, LIOH, LBO) | D78: pH calibration | E78: 산성, 중성, 염기성 표준 용액으로 장비 calibraition | F78: pH calibration | G78: 산성, 중성, 염기성 표준 용액으로 장비 calibraition | H78: 리사이클팀 특수 실험
D79: 샘플 준비(정량 소분 및 교반) | E79: 1 g의 활물질을 정량하고 3차 증류수와 혼합하여 mixing | F79: 샘플 준비(정량 소분 및 교반) | G79: 1 g의 활물질을 정량하고 3차 증류수와 혼합하여 mixing | H79: 리사이클팀 특수 실험
D80: 샘플 준비(여과) | E80: 감압필터를 사용하여 혼합 용액 추출 | F80: 샘플 준비(여과) | G80: 감압필터를 사용하여 혼합 용액 추출 | H80: 리사이클팀 특수 실험
D81: 측정 | E81: 필터링 된 용액을 잔류 리튬 측정장치를 사용하여 측정 | F81: 측정 | G81: 필터링 된 용액을 잔류 리튬 측정장치를 사용하여 측정 | H81: 리사이클팀 특수 실험
D82: 장비 세척 | E82: 3차 증류수를 사용하여 장비 세척 | F82: 장비 세척 | G82: 3차 증류수를 사용하여 장비 세척 | H82: 리사이클팀 특수 실험
C84: 전극 porosity 측정 | D84: 전극 압연 | E84: Roll press의 press 두께를 조절하여 압연 두께 제어 | F84: 전극 압연 | G84: Roll press의 press 두께를 조절하여 압연 두께 제어 | H84: 양극재담당 특수 실험
D85: 두께 및 무게 측정 | E85: 코인셀 양극 타발기로 타발 후 두께 및 무게 측정 | F85: 두께 및 무게 측정 | G85: 코인셀 양극 타발기로 타발 후 두께 및 무게 측정 | H85: 양극재담당 특수 실험
D86: 기공률 계산 | E86: 두께 및 무게 측정치를 활용하여 기공률 계산 | F86: 기공률 계산 | G86: 두께 및 무게 측정치를 활용하여 기공률 계산 | H86: 양극재담당 특수 실험
C87: 전극 90도 peel-off 측정 | D87: 시편 준비 | E87: 슬라이드 글라스/3M tape에 전극을 일정 길이로 부착 | F87: 시편 준비 | G87: 슬라이드 글라스/3M tape에 전극을 일정 길이로 부착 | H87: 리사이클 팀 특수 실험
D88: 장비 로딩 | E88: UTM 장비에 시편 로딩 | F88: 장비 로딩 | G88: UTM 장비에 시편 로딩 | H88: 리사이클 팀 특수 실험
D89: 측정 | E89: 90도 방향으로 전극을 peel-off 하면서 단락 측정 시작 | F89: 측정 | G89: 90도 방향으로 전극을 peel-off 하면서 단락 측정 시작 | H89: 리사이클 팀 특수 실험
D90: Data 정리 | E90: 단락 시점 데이터 정리 | F90: Data 정리 | G90: 단락 시점 데이터 정리 | H90: 리사이클 팀 특수 실험
C92: 분리막 팀 특수 실험
C93: 분리막 두께 측정_x000D_ | F93: 분리막 타발 | G93: 분리막 5 x 5 cm 타발한다. | H93: 분리막 팀 특수 실험
F94: 분리막 두께 측정 | G94: 분리막의 상/하/좌/우/중앙 5 point 두께 측정한다. | H94: 분리막 팀 특수 실험
C95: 분리막 무게 측정_x000D_ | F95: 분리막 타발 | G95: 분리막 5 x 5 cm 타발한다. | H95: 분리막 팀 특수 실험
F96: 분리막 무게 측정 | G96: 분리막의 무게를 측정한다. | H96: 분리막 팀 특수 실험
C97: 분리막 통기성 측정_x000D_ | F97: 분리막 타발 | G97: 분리막 5 x 5 cm 타발한다. | H97: 분리막 팀 특수 실험
F98: 분리막 통기도 측정 | G98: 분리막의 통기도 측정한다. | H98: 분리막 팀 특수 실험
C99: Puncture stress_x000D_ | F99: 분리막 타발 후, 장비에 분리막 고정 | G99: 5cm x 5cm 로 타발 된 분리막을 고정한다. | H99: 분리막 팀 특수 실험
F100: Needle의 위치를 분리막에 맞닿게 위치 조절 | G100: Needle의 위치를 분리막에 맞닿게 위치 조절한다. | H100: 분리막 팀 특수 실험
F101: 천공 강도 측정 프로그램을 실행 | G101: Nexygen 실행 후 천공 테스트 선택 -> 파일명 설정의 순서로 진행 후 샘플명 입력 후 시작한다. | H101: 분리막 팀 특수 실험
F102: Data 분석 및 추출 | G102: 데이터를 취득한다. | H102: 분리막 팀 특수 실험
C103: Tensile strength (인장강도)_x000D_ | F103: 분리막 타발 | G103: 분리막을 15 mm x 200 mm로 MD/TD 방향 구분하여 6ea 샘플 준비한다 | H103: 분리막 팀 특수 실험
F104: 장비에 분리막 고정 | G104: 타발된 분리막을 인장 강도 Jig에 100 mm로 고정한다. | H104: 분리막 팀 특수 실험
F105: 인장 강도 측정 프로그램 실행 | G105: 인장 강도 테스트 선택 -> 파일명 설정의 순서로 진행 후 샘플명 입력 후 시작한다. | H105: 분리막 팀 특수 실험
F106: Data 분석 및 추출 | G106: 데이터를 취득한다. | H106: 분리막 팀 특수 실험
C107: Dry 열수축 테스트 | F107: 분리막 타발하여 준비 | G107: 분리막을 5 x 5 cm 타발한다. | H107: 분리막 팀 특수 실험
...

Sheet 보조2_세부공정_실험
B3: LEVEL 0 | C3: LEVEL 1,2 | D3: LEVEL 2 | E3: LEVEL 3 | F3: LEVEL 4 | G3: LEVEL 5
B4: 실험 분류 | C4: 공정 | D4: 실험/분석법 상세 | E4: 실험 목적 | F4: Process step or SOP | G4: 상세 설명
C5: 슬러리 제작 | D5: 양극 슬러리 제작 | F5: 1차 재료 계량 | G5: 도전재+바인더 premixing 계량 (slurry 제작 전 믹서 사용하여 미리 대량 제조). 손실 방지위해 mixing통 (Nalgene bottle)에 직접 계량
F6: 2차 계량 | G6: 활물질 계량 (유선지 대신 Al foil 이용) 뒤 mixing통에 혼합 (슬러리 조성은 평가 양극재마다 상이)
F7: 고형분 맞추기 | G7: 고형분 양 고려하여 NMP 추가 투입
F8: 1차 믹싱 | G8: 슬러리 1차 혼합 (thinky mixer) (믹싱 rpm 및 시간은 평가 양극재마다 상이)
F9: 뭉친부분 풀어주기 | G9: Nalgene bottle 개봉 뒤 spatula로 휘저으며 뭉친 부분 풀어주기
F10: 2차 믹싱 | G10: 슬러리 2차 혼합 (thinky mixer)
F11: 장비 세척 및 정리 | G11: 믹싱 완료 후 장비 세척 및 정리
D12: 음극 슬러리 제작 (코인셀용_음극재1팀) | F12: 소재 준비 | G12: 흑연 및 Si계 활물질, Super C, 바인더, DI water 준비 | H12: 음극재 1팀 특수실험
F13: 슬러리 믹싱 | G13: ZrO2 ball 포함/Step별 mixing을 통한 슬러리 제조 | H13: 음극재 1팀 특수실험
F14: 장비 세척 및 정리 | G14: 믹싱 완료 후 장비 세척 및 정리 | H14: 음극재 1팀 특수실험
D15: 음극 슬러리 제작 | F15: 소재준비 | G15: 흑연 및 Si계 활물질, Super C, 바인더, DI water 준비
F16: 1차 슬러리 믹싱 | G16: PE bottle에 도전재(Super C65), CMC (Daicel2200 1.5%), 물 계량 후 homodisper로 분산
F17: 2차 슬러리 믹싱 | G17: 드라이룸에서 Si 시료 소분, TK 전용 믹서용기에 활물질 (흑연: Si계 혼합)+Super C 분산액, DI water 투입 후 고점도 mixing
F18: 3차 슬러리 믹싱 | G18: SWCNT 추가 투입하여 TK mixer에서 20분 믹싱 --> CMC 추가 투입 후 TK mixer 5min -> homodisper로 옮겨 25분 추가 분산
F19: 4차 슬러리 믹싱 | G19: 바인더 및 물 투입후 10분 추가 분산
F20: 장비 세척 및 정리 | G20: 믹싱 완료 후 장비 세척 및 정리
C21: 전극 제작 | D21: 양극 전극 제작 | F21: 소재준비 (이송) | G21: 양극 슬러리 준비
F22: 코팅 | G22: 슬러리를 Al foil 위에 도포한 후, 목표 전극무게 (~420mg/25cm2) 수준이 되도록 doctor blade gap 조절하여 코팅
F23: 건조 | G23: 코팅된 Al foil이 들뜨거나 기울어져 슬러리 로딩 불균일이 발생하지 않도록 건조과정 동안 고정 필요
F24: 장비 세척 및 정리 | G24: 사용한 코터 세척 및 정리
F25: 압연 | G25: 2cm 폭으로 전극 cutting 뒤 target porosity에 맞게 압연기 gap 조절하여 압연 2회 진행 (lab설비 기준)
F26: 장비 세척 및 정리 | G26: 사용한 압연기 세척 및 정리
D27: 음극 전극 제작 (코인셀용_음극재1팀) | F27: 소재 준비 | G27: 음극 슬러리 준비 | H27: 음극재 1팀 특수실험
F28: 코팅 | G28: foil frame에 Cu foil을 끼운 후, coater에 장착, gap 조절이 필요한 경우, 조절 후 Knife 장착, 슬러리 도포 후 코팅 시작 | H28: 음극재 1팀 특수실험
F29: 건조 | G29: foil frame에서 코팅 전극 제거 후 건조 챔버에 투입하여 60도 30분 이상 건조 | H29: 음극재 1팀 특수실험
F30: 장비 세척 및 정리 | G30: 사용한 코터 세척 및 정리 | H30: 음극재 1팀 특수실험
F31: 압연 | G31: 3cm 폭으로 전극 cutting 뒤 target porosity에 맞게 압연기 gap 조절하여 압연 진행 | H31: 음극재 1팀 특수실험
F32: 장비 세척 및 정리 | G32: 사용한 압연기 세척 및 정리 | H32: 음극재 1팀 특수실험
D33: 음극 전극 제작 | F33: 소재 준비 | G33: 음극 슬러리 준비
F34: 코팅 및 건조 | G34: 코팅룸 이동, 코터 On -> 건조하고자 하는 온도 및 코터속도 setting -> 코팅 준비 (슬러리 투입 및 폭에 맞춰 댐 setting) (목표 온도 도달까지 대기 시간 포함) ->슬러리 투입 후 코팅 gap 조절 -> 건조되어 나온 코팅 전극 무게 확인 (무게 로딩이 맞지 않는다면 gap 조절 반복) -> target 로딩에서 필요한 양만큼 전극 코팅 진행
F35: 장비 세척 및 정리 | G35: 사용한 코터 세척 및 정리
F36: 압연 | G36: 3-7cm 폭으로 전극 cutting 뒤 target porosity에 맞게 압연기 gap 조절하여 압연 진행
F37: 장비 세척 및 정리 | G37: 사용한 압연기 세척 및 정리
C38: 셀 제작_코인셀 | D38: 소재 준비 | F38: Ni foam cutting | G38: 2~2.5cm 폭으로 Ni foam cutting
F39: Ni foam press | G39: ~250㎛ 두께로 press
F40: Ni foam 타발 | G40: Ni foam 타발
F41: Ni foam 세척/건조 | G41: 이물질 제거 등을 위해 에틸알콜+초음파 세척 및 건조 (정리 포함)
F42: 코인셀용 양/음극 타발 | G42: 코인셀용 양/음극 타발 (1소재당 코인셀 4~5개 제조)
F43: 무게 측정/기록 | G43: 타발된 전극 무게 측정 (target 무게에 젤 적합한 전극 사용), Cu foil 무게 측정
F44: 두께 측정/기록 | G44: 타발된 전극 두께 측정 (target 두께에 젤 적합한 전극 사용), Cu foil 두께 측정
F45: Li metal 타발 | G45: 글러브박스 내에 있는 Li metal 소분 -> 드라이룸으로 이동 후 타발+Ni mesh 부착
F46: 분리막 타발 | G46: 분리막타발
F47: 부품 준비 | G47: 제작할 코인셀 개수에 맞춰 코인셀용 부품 준비
D48: 코인셀 조립 | F48: 코인셀 조립_x000D_ | G48: 코인셀 조립 및 클램핑, 에틸알콜로 누액된 전해액 닦기 등
F49: 코인셀 조립 후 OCV 측정_x000D_ | G49: OCV 측정
D50: 셀평가 | F50: 비어있는 충방전 채널에 코인셀 체결 | G50: 전극 로딩을 반영하여, 0.1/0.005C에 해당하는 current 값 확인, 충방전기 챔버로 이동 후 , 코인셀 체결, 충방전 패턴 설정 및 저장
F51: 충방전 평가 진행 | G51: 30시간 상온 wetting 후, 충방전 평가 진행
F52: Data 정리 및 용량/효율 계산_x000D_ | G52: data추출 및 정리
F53: 그래프 생성 _x000D_ | G53: 오리진 프로그램으로 그래프 생성
F54: 비어있는 충방전 채널에 코인셀 체결_x000D_ | G54: 전극 로딩 반영, C-rate에 해당하는 current값 확인, 충방전기 챔버로 이동 후 , 코인셀 체결, 충방전 패턴 설정 및 저장
F55: Rate 별 평가 | G55: rate 별 충/방전 평가 진행
F56: Data 정리_x000D_ | G56: data추출 및 정리
F57: 그래프 생성_x000D_ | G57: 오리진 프로그램으로 그래프 생성
C58: 셀 제작_모노셀 | D58: 소재 준비 | F58: 모노셀 용 전극 타발 | G58: 양/음극 모노셀 타발
F59: 양/음극 tap 닦기 | G59: tap 부분의 활물질 층 제거
F60: 전극 V/D 챔버로 이동 | G60: Al foil로 감싼 후 드라이룸 내의 V/D 챔버로 이동
F61: 전극 건조 | G61: V/D 챔버에서 130℃ 진공상태에서 8시간동안 전극 건조
D62: 모노셀 조립 | F62: 실링 후, 모노셀 수작업실 전달 | G62: 실링 후, 모노셀 수작업실 (전지동)에 전달
F63: 모노셀 조립 | G63: 모노셀 조립
F64: 수작업실에서 모노셀 수령 | G64: 모노셀 수작업실(전지동)에서 모노셀 수령 후 건조 오븐에 투입
F65: 모노셀 건조 | G65: 55~60℃ 챔버에서 1~2일 이상 건조
D66: 전해액 주액 | F66: 건조된 모노셀 실링 후, degas 장비로 이동 | G66: 건조된 모노셀 실링/ 전해액, 피펫 등 준비 후 degas 장비로 이동 (드라이룸)
F67: 건조된 모노셀에 전해질을 주액하는 공정_x000D_ | G67: 건조된 모노셀에 전해액 주액
D68: wetting | F68: 전해액 wetting | G68: 진공챔버에서 30초씩 2번 vacuum 시행
D69: 실링 | F69: 모노셀 실링 | G69: degas 장비에서 모노셀 실링(진공압착), 수기로 cell number 기입
D70: lamination | F70: lamination | G70: lamination 1회 진행 (60~130도, 5~300초)
D71: 활성화 | F71: 비어있는 충방전 채널에 모노셀 체결 | G71: 충방전기 챔버로 이동 후 , 모노셀 체결
F72: 모노셀의 활성화 공정 | G72: 12시간 이상 상온/고온 wetting 후, 3hr 충전 후 24시간 대기
F73: 활성화 Data 정리_x000D_ | G73: data추출 및 정리
D74: degas | F74: 활성화 완료된 모노셀, degas 장비로 이동 | G74: 활성화 완료된 모노셀에 포스트잇 부착 +degas 장비(드라이룸)으로 이동
F75: 모노셀 부분 6cm로 맞추어 cutting | G75: 모노셀 부분 6cm로 맞추어 cutting
F76: 모노셀 resealing | G76: degas 장비에서 모노셀 re-실링(진공압착)
D77: aging | F77: 모노셀 aging | G77: 3일동안 45~70도 aging
D78: 고온 press | F78: 고온 press | G78: 100도 이상에서 5~300초 press
D79: 지그체결 | F79: zig 체결 | G79: 지그 체결 (우레탄폼 cutting 포함)
D80: 셀평가 | F80: 비어있는 충방전 채널에 모노셀 체결 | G80: 충방전기 챔버로 이동 후, 지그에 모노셀 체결 및 충방전 패턴 설정 등 측정 준비
F81: 모노셀 용량 및 (LT)HPPC 평가 | G81: 모노셀 용량 및 (LT)HPPC 평가 진행
F82: Data 정리 | G82: data 추출 및 정리
F83: 추가 평가를 위한 셀 선별 _x000D_ | G83: 저항 유사한 순으로 셀 선별
F84: 충방전 채널에 모노셀 체결 (저/상/고온수명/고온저장 각각) | G84: 선별된 셀을 각각 상온/고온 충방전 챔버에 체결 및 충방전 패턴 설정/저장 설정, 고온 저장용 셀은 충전 후 별도 챔버에 보관 (HPPC 후 초기)
F85: 충방전 채널에 모노셀 체결 (저/상/고온수명/고온저장 각각) | G85: cycle 및 storage RPT 측정을 위한 cell 이동 체결/충방전 패턴 설정
F86: 셀 평가 (상온수명) | G86: 선별된 셀을 상온수명 평가 진행 (~600cyc., 100cyc마다 저항 측정)
F87: 셀 평가 (저온수명) | G87: 선별된 셀을 저온수명 평가 진행 (-20도,~600cyc.)
G88: 상온챔버로 옮긴 후 100cyc마다 저항 측정
F89: 셀 평가 (고온수명) | G89: 선별된 셀을 고온수명 평가 진행 (~600cyc.)
G90: 상온챔버로 옮긴 후 100cyc마다 저항 측정
F91: 셀 평가 (가스발생량 평가) | G91: 0주차 무게 측정 (공기중/수중 무게 각각 측정). 60도 챔버에서 보관 뒤 1주/2주/4주/8주/12주 차에 꺼내 동일하게 측정 뒤 부피변화 계산 | H91: 양극/전해질팀 특수실험
F92: 셀 평가 (고온저장) | G92: 선별된 셀을 고온 저장 평가 진행 (60~75℃챔버 보관 후 1w, 2w, 4w, 6w, 8w 마다 저항 측정)
F93: Data 정리 | G93: data 추출 및 정리, 그래프 그리기 등 (수명, 저장 수시 정리 필요)
D94: swelling 평가 | F94: 지그 체결 | G94: 초기 두께 측정용 지그 체결
F95: 초기 두께 측정 | G95: 초기 두께 측정 및 기록
F96: swelling 평가용 지그 체결 | G96: swelling 평가용 지그 체결
F97: 비어 있는 채널에 셀 체결 | G97: 비어 있는 채널에 셀 체결 및 data 로거/SPC 케이블 연결, 충방전 패턴 설정 등
F98: in-situ swelling 평가 | G98: 0.1C 2 cycle, 1C 300 Cycle 진행하며 in-situ sweling 평가
F99: Data 정리 | G99: data 정리
C101: 분리막 팀 특수 실험
C102: 슬러리 제작 | D102: 슬러리 제조 (분리막) | F102: 소재 준비 | G102: 무기물/분산제/바인더 등을 준비한다 | H102: 분리막 팀 특수 실험
F103: 원재료 믹싱 | G103: 무기물/분산제/바인더 등을 혼합하여 코팅 슬러리를 제작한다. | H103: 분리막 팀 특수 실험
...

Sheet 보조1-1_세부공정_분석_양극재
B3: LEVEL 0 | C3: LEVEL 1,2 | D3: LEVEL 2 | E3: LEVEL 3 | F3: LEVEL 4 | G3: LEVEL 5
B4: 실험 분류 | C4: 공정 | D4: 실험/분석법 상세 | E4: 실험 목적 | F4: Process step or SOP | G4: 상세 설명
C5: PSD 측정 | F5: 샘플링 | G5: 장비 세팅 분산제 투입 (10방울) 및 measure background 클릭
F6: 외부 초음파 | G6: 파우더 전처리 파우더 투입 후 초음파 처리 (소듐 양극재의 경우 파우더와 분산제 미리 혼합하여 선분산액 제조 필요)
F7: 입도 측정 | G7: 측정 (3회)
F8: 장비 세척 | G8: 측정 장비를 세척한다.
F9: Data 정리 | G9: Data 추출 (vol. /Num. 기준 각각) 및 정리/그래프 그리기, (측정 및 클리닝에 사용되는 폐수 주기적으로 별도 폐기 필요)
C10: SEM 분석 | F10: 샘플링 | G10: 샘플홀더에 카본테이브 부착 후, 소량의 powder (혹은 전극) 부착
F11: 샘플 홀더 장비로 투입 | G11: 분석실로 이동+샘플 홀더 장비로 투입
F12: 이미지 생성 | G12: 원하는 샘플 SEM 이미지 (입자의 형태를 잘 확인할 수 있는) 확인 후 배율별로 각각 캡쳐 (배율별, SE/BSE 모드 각각 촬영)
F13: EDS 분석_x000D_ | G13: EDS 분석
F14: Data 저장_x000D_ | G14: Data 저장 후 추출
F15: 샘플 홀더 자동 배출_x000D_ | G15: 샘플 홀더 배출
F16: 샘플 홀더 클리닝_x000D_ | G16: 샘플 홀더 클리닝
C17: 이온밀링 | F17: 샘플링 | G17: 홀더에 carbon tape 부착 뒤 전극 loading
F18: 샘플링 | G18: 이온밀링 홀더에 샘플 결착 후 광학현미경으로 보며 샘플 위치 정밀 조정
F19: 샘플 홀더 장비로 투입 | G19: 이온밀링 챔버 오픈 및 결착
F20: 이온밀링 | G20: 이온밀링 챔버 vacuum 뒤 이온밀링 시행
C21: XRD | F21: 샘플링 | G21: 드라이룸에서 시료 소분 후 분석실 이동 --> 샘플 홀더에 powder 평평하게 샘플링 (한 소재당 1개의 시료/1회 측정), 홀더 주변 클리닝 (에틸알콜 등), 홀더에 샘플명/이름/날짜 수기로 기입, 샘플 홀더 장비에 투입 후 측정 패턴 및 저장 setting
F22: XRD 측정 | G22: XRD 측정
F23: Data 변환 및 fitting | G23: 분석실 이동 + XRD 측정 컴퓨터에 있는 Eva/ topas 프로그램을 이용하여 data 변환 및 추출
F24: 세척 및 정리 | G24: 사용한 샘플홀더 세척 및 정리
F25: 그래프 생성 | G25: 추출한 data로 그래프 생성
C26: BET | F26: 샘플링 | G26: 업체 데이터 사용중
F27: 전처리_x000D_
F28: 무게 측정_x000D_
F29: 측정 준비
F30: 측정
F31: Data 정리
F32: 장비 세척 및 정리
C33: Tap 밀도 | F33: 샘플링 | G33: 업체 데이터 사용중
F34: 1000회 tapping
F35: Tap 밀도 측정
F36: 장비 세척 및 정리
C37: 진밀도 측정 | F37: 샘플링 | G37: 외주 분석 진행중
F38: 측정
F39: Data 정리
F40: 장비 세척 및 정리
C41: 압연 밀도 분석 (Pallet density) | F41: 장비 세팅 | G41: 장비세팅 장비에 빈 몰드 로딩 뒤 원점 측정. (같은 몰드 사용한 연속측정 시 본 step 생략)
F42: 무게 측정 | G42: 계량 몰드 회수 후 파우더 계량 (2ton: 5.0g, 9ton: 3.0g)
F43: 샘플링 | G43: 몰드 뚜껑 부분 열고 파우더 투입. 파우더 넘침 방지 위해 테이블을 몰드 바닥면으로 쳐서 다지기 (절반 정도 넣고 시행, 총 2회)
F44: 몰드 조립 | G44: 몰드 조립 몰드 천천히 닫기 (좌, 우로 돌려가며 몰드 내 trap된 공기 빼주면서 시행
F45: 몰드 결착 | G45: 측정장비에 몰드 결착 장비에 몰드 탑재
F46: PD측정 | G46: 측정 시작 측정 및 압연밀도 기록
F47: 장비 세척 | G47: 세정 파우더 폐기 및 몰드 세척 (물, 아세톤), 건조
F48: Data 정리 | G48: Data 추출 및 정리
C49: 전극 porosity 측정 | F49: 전극 압연 | G49: Roll press의 press 두께를 조절하여 압연 두께 제어
F50: 두께 및 무게 측정 | G50: 코인셀 양극 타발기로 타발 후 두께 및 무게 측정
F51: 기공률 계산 | G51: 두께 및 무게 측정치를 활용하여 기공률 계산

Sheet 보조1-2_세부공정_분석_리사이클
B3: LEVEL 0 | C3: LEVEL 1,2 | D3: LEVEL 2 | E3: LEVEL 3 | F3: LEVEL 4 | G3: LEVEL 5
B4: 실험 분류 | C4: 공정 | D4: 실험/분석법 상세 | E4: 실험 목적 | F4: Process step or SOP | G4: 상세 설명
C5: BET 측정 | F5: 샘플링 | G5: 비어있는 BET 초자의 무게 측정 -> 초자에 샘플 투입 (powder 0.2~2g/밀도가 낮은 샘플은 g수를 더 낮춰서 투입) -> 초자 neck부분에 묻어있는 시료는 면봉으로 닦아주기, 전처리 장비에 초자 연결
F6: 전처리 | G6: 300℃ 진공상태에서 2시간동안 전처리 진행 (pore V.이 큰 원료의 경우, 전처리 시간 증가) --> 상온으로 식히기
F7: 무게 측정 | G7: 전처리 진행한 샘플이 담긴 BET 초자의 무게 측정-> 샘플 무게 계산
F8: 튜브장착 및 액체질소 투입 | G8: BET 장비에 초자 장착 -> 가스보관실에서 액체 질소 소분 후 장비 용기에 덜어주기, 측정 패턴/파일명 등 설정
F9: 측정 | G9: 측정 시작 (장비에 따라 2개 소재 동시 분석 가능)
F10: Data 정리 | G10: data 추출 및 정리 (그래프 그리기, pore 크기별 비율 계산 등)
F11: 세척 및 정리 | G11: 사용한 초자 세척 및 정리
C12: PSD 분석 | F12: 샘플링 | G12: 양극재 powder 드라이품에서 소분, 분산제 (triton-X,1% sol) 준비, 3차 증류수 받기 -> 분산액 제조 (powder ~0.04g + 분산제 0.1ml, DI water 10g)
F13: 장비세팅 | G13: 고형분 장비를 켠 후 DI water를 통해 background를 측정한다.
F14: 전처리 | G14: 분산액이 담긴 vial에 대해 외부 초음파 처리 2min
F15: 샘플 loading 및 측정 | G15: 장비에 분산액 투입 및 측정 시작 (현재 SOP는 기본 3회 측정으로 setting 되어 있음)
F16: 장비 세척 및 정리 | G16: 측정 장비를 세척한다.
F17: Data 정리 | G17: data 추출 (vol. /Num. 기준 각각) 및 정리/그래프 그리기, (측정 및 클리닝에 사용되는 폐수 주기적으로 별도 폐기 필요)
C18: PD 측정기 (HAN TECH CO.) | F18: 장비 calibration | G18: 샘플 loading 되지 않은 몰드를 이용하여 9ton까지 pressing 하며 calibration
F19: 몰드 내 샘플 투입 및 장비 투입 | G19: 1g의 활물질 파우더를 정량하여 몰드에 넣어준 후 장비에 loading
F20: 샘플 측정 | G20: 1 ~ 9 ton, 1ton 간격으로 압연 두께 측정 및 데이터 기록
F21: 클리닝 | G21: 클리닝
C22: XRD 분석 | F22: 샘플링 | G22: 드라이룸에서 시료 소분 후 분석실 이동 --> 샘플 홀더에 powder 평평하게 샘플링 (한 소재당 3개의 시료/1회 측정), 홀더 주변 클리닝 (에틸알콜 등), 홀더에 샘플명/이름/날짜 수기로 기입, 샘플 홀더 장비에 투입 후 측정 패턴 및 저장 setting - 현재 리사이클팀은 powder 위주 분석 중
F23: XRD 측정 | G23: XRD 측정
F24: Data 변환 및 fitting | G24: 분석실 이동 + XRD 측정 컴퓨터에 있는 Eva/ topas 프로그램을 이용하여 data 변환 및 추출
F25: 세척 및 정리 | G25: 사용한 샘플홀더 세척 및 정리
F26: 그래프 생성 | G26: 추출한 data로 그래프 생성
C27: SEM 분석 | F27: 샘플링 | G27: 샘플홀더에 카본테이프 부착 후, 소량의 powder (혹은 전극) 부착
F28: 샘플 홀더 장비로 투입 | G28: 분석실로 이동+샘플 홀더 장비로 투입
F29: 이미지 생성 | G29: 원하는 샘플 SEM 이미지 (입자의 형태를 잘 확인할 수 있는) 확인 후 배율별로 각각 캡쳐 (배율별, SE/BSE 모드 각각 촬영)
F30: EDS 분석 | G30: EDS 분석
F31: Data 저장 | G31: Data 저장 후 추출
F32: 샘플 홀더 자동 배출 | G32: 샘플 홀더 배출
F33: 샘플 홀더 클리닝 | G33: 샘플 홀더 클리닝
C34: SEM 분석(이온밀링) | F34: 이온밀링 | G34: 일부 연구원들은 라이선스를 받아 직접 측정하기도 하나, quality있는 분석과 결과를 위해 분석담당에 분석 의뢰 중
F35: 전극 단면 분석 (SEM/EDS) | G35: 26년 기준 시료 ~20개 의뢰
C36: 수분 함량 측정 | F36: 샘플링 | G36: 전용 바이알에 시료 1g 소분
F37: 빈 바이알과 샘플소분한 바이알 장착 | G37: Karl Fischer 장비에 위치시킴. (빈 병의 수분 측정 위한 1개 포함)
F38: 측정 온도 조건 설정 | G38: 원하는 측정 온도 조건 설정
F39: Calibration | G39: 수분함량 측정 시작 후 장비에 연결된 비커 내 용액의 상태 칼리브레이션 시작
F40: 측정 | G40: 장비가 설정한 시료의 개수만큼 자동으로 위치 바꿔가며 측정함.
F41: Data 정리 | G41: data 저장 후 추출
F42: 세척 및 정리 | G42: 세척및 정리
C43: 잔류 리튬 측정(LI2CO3, LIOH, LBO) | F43: 산성, 중성, 염기성 표준 용액으로 장비 calibraition
F44: 1 g의 활물질을 정량하고 3차 증류수와 혼합하여 mixing
F45: 감압필터를 사용하여 혼합 용액 추출
F46: 필터링 된 용액을 잔류 리튬 측정장치를 사용하여 측정
F47: 3차 증류수를 사용하여 장비 세척
C48: ICP 분석 | F48: 분석 담당 의뢰중 | G48: 분석 의뢰 (분석담당), '26년 기준 ~10개 시료 분석 의뢰
C49: IC 분석 | F49: 분석팀 의뢰_미량(약 1g 수준) 시료 분석 의뢰, 분석팀 SOP 활용
C50: 탄소 성분 분석 | F50: 분석팀 의뢰_미량(약 1g 수준) 시료 분석 의뢰, 분석팀 SOP 활용
C51: DSC 분석 | F51: 분석팀 의뢰_미량(약 1g 수준) 시료 분석 의뢰, 분석팀 SOP 활용
C52: TGA 분석 | F52: 분석팀 의뢰_미량(약 1g 수준) 시료 분석 의뢰, 분석팀 SOP 활용
C53: XPS | F53: 분석팀 의뢰_미량(약 1g 수준) 시료 분석 의뢰, 분석팀 SOP 활용
C54: RAMAN | F54: 분석팀 의뢰_미량(약 1g 수준) 시료 분석 의뢰, 분석팀 SOP 활용
C55: FT-IR 분석 | F55: 분석팀 의뢰_미량(약 1g 수준) 시료 분석 의뢰, 분석팀 SOP 활용
C56: AES | F56: 분석팀 의뢰_미량(약 1g 수준) 시료 분석 의뢰, 분석팀 SOP 활용
C57: TEM/EDS/EDP | F57: 분석팀 의뢰_미량(약 1g 수준) 시료 분석 의뢰, 분석팀 SOP 활용
C58: Slurry 유변물성 측정 | F58: 슬러리 샘플링 | G58: 주사기에 슬러리 11ml 샘플링 (샘플 1종당 4개) 후 1개를 제외하고 3개는 상온 챔버에 보관
F59: Calibraton | G59: 장비 calibration 진행 -> geomerty 장착 후 calibration 추가 진행 (장비 오류 확인 작업), 4회 반복 (0, 1, 2, 7일)
F60: 슬러리 투입 | G60: 주사기로 슬러리 9-11ml 투입 후 측정 조건/저장 setting
F61: 슬러리 유변물성 측정 | G61: 유변 물성 측정 (시퀀스에 따라 측정소요 시간 달라짐)
F62: Data 정리 | G62: data 추출 및 초기 점도 대비 1, 2, 7일차 점도 변화율 계산/정리 (data 정리는 동일 시료 한번에 정리)
F63: 사용한 장비세척 | G63: 사용한 장비 세척
C64: 전극 porosity 측정 | F64: 전극 압연 | G64: Roll press의 press 두께를 조절하여 압연 두께 제어
F65: 두께 및 무게 측정 | G65: 코인셀 양극 타발기로 타발 후 두께 및 무게 측정
F66: 기공률 계산 | G66: 두께 및 무게 측정치를 활용하여 기공률 계산
C67: 90도 peel-off 측정 | F67: 시편 준비 | G67: 슬라이드 글라스/3M tape에 전극을 일정 길이로 부착
F68: 장비 로딩 | G68: UTM 장비에 시편 로딩
F69: 측정 | G69: 90도 방향으로 전극을 peel-off 하면서 단락 측정 시작
F70: Data 정리 | G70: 단락 시점 데이터 정리

Sheet 보조1-3_세부공정_분석_전구체
B3: LEVEL 0 | C3: LEVEL 1,2 | D3: LEVEL 2 | E3: LEVEL 3 | F3: LEVEL 4 | G3: LEVEL 5
B4: 실험 분류 | C4: 공정 | D4: 실험/분석법 상세 | E4: 실험 목적 | F4: Process step or SOP | G4: 상세 설명
C5: PSD 측정 | F5: 샘플링 | G5: 분산액 제조 (Powder + 분산제 + DI Water) powder 드라이품에서 소분, 분산제 (triton-X,1% sol) 준비, 3차 증류수 받기 -> 분산액 제조 (powder ~0.04g + 분산제 0.1ml, DI water 10g)
F6: 장비 세팅 | G6: 고형분 장비를 켠 후 DI water를 통해 background를 측정한다.
F7: 전처리 | G7: 분산액이 담긴 vial에 대해 외부 초음파 처리 1min
F8: 샘플 loading 및 측정 | G8: 장비에 분산액 투입 및 측정 시작
F9: 장비 세척 및 정리 | G9: 측정 장비를 세척한다.
F10: Data 정리 | G10: data 추출 (vol. /Num. 기준 각각) 및 정리/그래프 그리기, (측정 및 클리닝에 사용되는 폐수 주기적으로 별도 폐기 필요)
C11: SEM 분석 | F11: 샘플링 | G11: 샘플홀더에 카본테이브 부착 후, 소량의 powder (혹은 전극) 부착
F12: 샘플 홀더 장비로 투입 | G12: 샘플 홀더 장비로 투입
F13: 이미지 생성 | G13: 원하는 샘플 SEM 이미지 (입자의 형태를 잘 확인할 수 있는) 확인 후 배율별로 각각 캡쳐
F14: EDS 분석_x000D_ | G14: EDS 분석
F15: Data 저장_x000D_ | G15: Data 저장 후 추출
F16: 샘플 홀더 자동 배출_x000D_ | G16: 샘플 홀더 배출
F17: 샘플 홀더 클리닝_x000D_ | G17: 샘플 홀더 클리닝
C18: SEM 분석 (이온밀링) | F18: 이온밀링_x000D_ | G18: 일부 연구원들은 라이선스를 받아 직접 측정하기도 하나, quality있는 분석과 결과를 위해 분석담당에 분석 의뢰 중
F19: 전극 단면 분석 (SEM/EDS) | G19: 26년 기준 시료 ~20개 의뢰
C20: XRD | F20: 샘플 소분 | G20: 시료 소분 후 분석실 이동
F21: 샘플링 | G21: ①샘플 홀더에 powder 평평하게 샘플링 ② 홀더 주변 클리닝 (에틸알콜 등), ③ 홀더에 샘플명/이름/날짜 수기로 기입, ④ 샘플 홀더 장비에 투입 후 측정 패턴 및 저장 setting
F22: XRD 측정 | G22: XRD 측정
F23: Data 변환 및 fitting | G23: ① Topaz 프로그램 활용하여 Rietveld refinement진행, 필요 데이터 계산 및 추출 (strain, crystal density, lattice parameter, cation mixing, X-size) ② EVA 프로그램 활용하여 (003), (104) peak FWHM 계산 및 추출, raw data는 xy형식 파일로 저장하여 추출 / 결정립 fitting ③xy파일로 raw data불러와 origin 또는 MDS이용해 그래프 생성
F24: 장비 세척 및 정리 | G24: 사용한 샘플홀더 세척 및 정리
F25: 그래프 생성 | G25: 추출한 data로 그래프 생성
C26: BET | F26: 샘플링 | G26: 비어있는 BET 초자의 무게 측정 -> 초자에 샘플 투입 (powder 0.2~2g/밀도가 낮은 샘플은 g수를 더 낮춰서 투입) -> 초자 neck부분에 묻어있는 시료는 면봉으로 닦아주기, 전처리 장비에 초자 연결
F27: 전처리_x000D_ | G27: 300℃ 진공상태에서 2시간동안 전처리 진행 (pore V.이 큰 원료의 경우, 전처리 시간 증가) --> 상온으로 식히기
F28: 무게 측정_x000D_ | G28: 전처리 진행한 샘플이 담긴 BET 초자의 무게 측정-> 샘플 무게 계산
F29: 측정 준비 | G29: BET 장비에 초자 장착 -> 가스보관실에서 액체 질소 소분 후 장비 용기에 덜어주기, 측정 패턴/파일명 등 설정
F30: 측정 | G30: 측정 시작 (장비에 따라 2개 소재 동시 분석 가능)
F31: Data 정리 | G31: data 추출 및 정리 (그래프 그리기, pore 크기별 비율 계산 등)
F32: 장비 세척 및 정리 | G32: 사용한 초자 세척 및 정리
C33: Tap 밀도 | F33: 샘플링 | G33: 메스실린더에 시료 40g 계량 후 투입 및 tap밀도 측정기에 장착
F34: 1000회 tapping | G34: 1000회 tapping
F35: Tap 밀도 측정 | G35: 메스실린더 부피 확인 및 tap 밀도 계산
F36: 장비 세척 및 정리 | G36: 사용한 메스실린더 세척 및 정리
C37: 진밀도 측정 | F37: 샘플링 | G37: 드라이룸에서 시료 소분 후, 진밀도 전용기에 분체 투입 후 tapping, cap 장착, 측정 조건 및 횟수 등 설정 (온도 안정화 될때까지 대기)
F38: 측정 | G38: 진밀도 측정
F39: Data 정리 | G39: data 추출
F40: 장비 세척 및 정리 | G40: 사용한 초자 세척 및 정리
C42: 전구체팀 특수 실험
C43: 압연 밀도 | F43: 장비 세팅 | G43: 장비에 빈 몰드 로딩 뒤 원점 측정. (같은 몰드 사용한 연속측정 시 본 step 생략)
F44: 계량 | G44: 몰드 회수 후 파우더 계량 (2ton: 5.0g, 9ton: 3.0g)
F45: 측정 전 전처리 | G45: 몰드 뚜껑 부분 열고 파우더 투입. 파우더 넘침 방지 위해 테이블을 몰드 바닥면으로 쳐서 다지기 (절반 정도 넣고 시행, 총 2회)
F46: 몰드 조립 | G46: 몰드 천천히 닫기 (좌, 우로 돌려가며 몰드 내 trap된 공기 빼주면서 시행
F47: 측정장비에 몰드 결착 | G47: 장비에 몰드 탑재
F48: 측정시작 | G48: 측정 및 압연밀도 기록
F49: 세정 | G49: 파우더 폐기 및 몰드 세척 (물, 아세톤), 건조
F50: Data 정리 | G50: data 추출 및 정리
C51: 이온밀링 | F51: 샘플 전처리 | G51: 홀더에 carbon tape 부착 뒤 전극 loading
F52: 샘플 위치 조정 | G52: 이온밀링 홀더에 샘플 결착 후 광학현미경으로 보며 샘플 위치 정밀 조정
F53: 샘플 결착 및 장비 셋업 | G53: 이온밀링 챔버 오픈 및 결착
F54: 이온밀링 진행 | G54: 이온밀링 챔버 vacuum 뒤 이온밀링 시행

Sheet 보조1-4_세부공정_분석_양극재선행
B3: LEVEL 0 | C3: LEVEL 1,2 | D3: LEVEL 2 | E3: LEVEL 3 | F3: LEVEL 4 | G3: LEVEL 5
B4: 실험 분류 | C4: 공정 | D4: 실험/분석법 상세 | E4: 실험 목적 | F4: Process step or SOP | G4: 상세 설명
C5: PSD 측정 | F5: 샘플링 | G5: 분산액 제조 (Powder + 분산제 + DI Water) powder 드라이품에서 소분, 분산제 (triton-X,1% sol) 준비, 3차 증류수 받기 -> 분산액 제조 (powder ~0.04g + 분산제 0.1ml, DI water 10g)
F6: 장비 세팅 | G6: 고형분 장비를 켠 후 DI water를 통해 background를 측정한다.
F7: 전처리 | G7: 분산액이 담긴 vial에 대해 외부 초음파 처리 1min
F8: 샘플 loading 및 측정 | G8: 장비에 분산액 투입 및 측정 시작
F9: 장비 세척 및 정리 | G9: 측정 장비를 세척한다.
F10: Data 정리 | G10: data 추출 (vol. /Num. 기준 각각) 및 정리/그래프 그리기, (측정 및 클리닝에 사용되는 폐수 주기적으로 별도 폐기 필요)
C11: SEM 분석 | F11: 샘플링 | G11: 샘플홀더에 카본테이브 부착 후, 소량의 powder (혹은 전극) 부착
F12: 샘플 홀더 장비로 투입 | G12: 샘플 홀더 장비로 투입
F13: 이미지 생성 | G13: 원하는 샘플 SEM 이미지 (입자의 형태를 잘 확인할 수 있는) 확인 후 배율별로 각각 캡쳐
F14: EDS 분석_x000D_ | G14: EDS 분석
F15: Data 저장_x000D_ | G15: Data 저장 후 추출
F16: 샘플 홀더 자동 배출_x000D_ | G16: 샘플 홀더 배출
F17: 샘플 홀더 클리닝_x000D_ | G17: 샘플 홀더 클리닝
C18: SEM 분석 (이온밀링) | F18: 이온밀링_x000D_ | G18: 일부 연구원들은 라이선스를 받아 직접 측정하기도 하나, quality있는 분석과 결과를 위해 분석담당에 분석 의뢰 중
F19: 전극 단면 분석 (SEM/EDS) | G19: 26년 기준 시료 ~20개 의뢰
C20: XRD | F20: 샘플 소분 | G20: 시료 소분 후 분석실 이동
F21: 샘플링 | G21: ①샘플 홀더에 powder 평평하게 샘플링 ② 홀더 주변 클리닝 (에틸알콜 등), ③ 홀더에 샘플명/이름/날짜 수기로 기입, ④ 샘플 홀더 장비에 투입 후 측정 패턴 및 저장 setting
F22: XRD 측정 | G22: XRD 측정
F23: Data 변환 및 fitting | G23: ① Topaz 프로그램 활용하여 Rietveld refinement진행, 필요 데이터 계산 및 추출 (strain, crystal density, lattice parameter, cation mixing, X-size) ② EVA 프로그램 활용하여 (003), (104) peak FWHM 계산 및 추출, raw data는 xy형식 파일로 저장하여 추출 / 결정립 fitting ③xy파일로 raw data불러와 origin 또는 MDS이용해 그래프 생성
F24: 장비 세척 및 정리 | G24: 사용한 샘플홀더 세척 및 정리
F25: 그래프 생성 | G25: 추출한 data로 그래프 생성
C26: BET | F26: 샘플링 | G26: 비어있는 BET 초자의 무게 측정 -> 초자에 샘플 투입 (powder 0.2~2g/밀도가 낮은 샘플은 g수를 더 낮춰서 투입) -> 초자 neck부분에 묻어있는 시료는 면봉으로 닦아주기, 전처리 장비에 초자 연결
F27: 전처리_x000D_ | G27: 300℃ 진공상태에서 2시간동안 전처리 진행 (pore V.이 큰 원료의 경우, 전처리 시간 증가) --> 상온으로 식히기
F28: 무게 측정_x000D_ | G28: 전처리 진행한 샘플이 담긴 BET 초자의 무게 측정-> 샘플 무게 계산
F29: 측정 준비 | G29: BET 장비에 초자 장착 -> 가스보관실에서 액체 질소 소분 후 장비 용기에 덜어주기, 측정 패턴/파일명 등 설정
F30: 측정 | G30: 측정 시작 (장비에 따라 2개 소재 동시 분석 가능)
F31: Data 정리 | G31: data 추출 및 정리 (그래프 그리기, pore 크기별 비율 계산 등)
F32: 장비 세척 및 정리 | G32: 사용한 초자 세척 및 정리
C33: Tap 밀도 | F33: 샘플링 | G33: 메스실린더에 시료 40g 계량 후 투입 및 tap밀도 측정기에 장착
F34: 1000회 tapping | G34: 1000회 tapping
F35: Tap 밀도 측정 | G35: 메스실린더 부피 확인 및 tap 밀도 계산
F36: 장비 세척 및 정리 | G36: 사용한 메스실린더 세척 및 정리
C37: 진밀도 측정 | F37: 샘플링 | G37: 드라이룸에서 시료 소분 후, 진밀도 전용기에 분체 투입 후 tapping, cap 장착, 측정 조건 및 횟수 등 설정 (온도 안정화 될때까지 대기)
F38: 측정 | G38: 진밀도 측정
F39: Data 정리 | G39: data 추출
F40: 장비 세척 및 정리 | G40: 사용한 초자 세척 및 정리
C42: 양그재선행팀 특수 실험
C43: 압연 밀도 | F43: 장비 세팅 | G43: 장비에 빈 몰드 로딩 뒤 원점 측정. (같은 몰드 사용한 연속측정 시 본 step 생략)
F44: 계량 | G44: 몰드 회수 후 파우더 계량 (2ton: 5.0g, 9ton: 3.0g)
F45: 측정 전 전처리 | G45: 몰드 뚜껑 부분 열고 파우더 투입. 파우더 넘침 방지 위해 테이블을 몰드 바닥면으로 쳐서 다지기 (절반 정도 넣고 시행, 총 2회)
F46: 몰드 조립 | G46: 몰드 천천히 닫기 (좌, 우로 돌려가며 몰드 내 trap된 공기 빼주면서 시행
F47: 측정장비에 몰드 결착 | G47: 장비에 몰드 탑재
F48: 측정시작 | G48: 측정 및 압연밀도 기록
F49: 세정 | G49: 파우더 폐기 및 몰드 세척 (물, 아세톤), 건조
F50: Data 정리 | G50: data 추출 및 정리
C51: 입자깨짐 분석 | F51: Pellet 만들기 | G51: Pellet density 측정과 동일 protocol로 press 진행
F52: 측정 전 전처리 | G52: press된 샘플을 몰드에서 분해 후 유발로 입자 뭉침을 풀어줌
F53: 측정 | G53: PSD와 동일 프로토콜로 delta PSD 측정
F54: Data 비교 및 결과정리 | G54: press 전/후 D50 변화량, 1um 이하 미분량을 계산하여 입자깨짐 결과로 정리

Sheet 보조1-5_세부공정_분석_음극재
B3: LEVEL 0 | C3: LEVEL 1,2 | D3: LEVEL 2 | E3: LEVEL 3 | F3: LEVEL 4 | G3: LEVEL 5
B4: 실험 분류 | C4: 공정 | D4: 실험/분석법 상세 | E4: 실험 목적 | F4: Process step or SOP | G4: 상세 설명
C5: PSD 측정 | F5: 샘플링 | G5: 분산액 제조 (Powder + 분산제 + DI Water) powder 드라이품에서 소분, 분산제 (triton-X,1% sol) 준비, 3차 증류수 받기 -> 분산액 제조 (powder ~0.04g + 분산제 0.1ml, DI water 10g)
F6: 장비 세팅 | G6: 고형분 장비를 켠 후 DI water를 통해 background를 측정한다.
F7: 전처리 | G7: 분산액이 담긴 vial에 대해 외부 초음파 처리 1min
F8: 샘플 loading 및 측정 | G8: 장비에 분산액 투입 및 측정 시작
F9: 장비 세척 및 정리 | G9: 측정 장비를 세척한다.
F10: Data 정리 | G10: data 추출 (vol. /Num. 기준 각각) 및 정리/그래프 그리기, (측정 및 클리닝에 사용되는 폐수 주기적으로 별도 폐기 필요)
C11: SEM 분석 | F11: 샘플링 | G11: 샘플홀더에 카본테이브 부착 후, 소량의 powder (혹은 전극) 부착
F12: 샘플 홀더 장비로 투입 | G12: 샘플 홀더 장비로 투입
F13: 이미지 생성 | G13: 원하는 샘플 SEM 이미지 (입자의 형태를 잘 확인할 수 있는) 확인 후 배율별로 각각 캡쳐
F14: EDS 분석_x000D_ | G14: EDS 분석
F15: Data 저장_x000D_ | G15: Data 저장 후 추출
F16: 샘플 홀더 자동 배출_x000D_ | G16: 샘플 홀더 배출
F17: 샘플 홀더 클리닝_x000D_ | G17: 샘플 홀더 클리닝
C18: SEM 분석 (이온밀링) | F18: 이온밀링_x000D_ | G18: 일부 연구원들은 라이선스를 받아 직접 측정하기도 하나, quality있는 분석과 결과를 위해 분석담당에 분석 의뢰 중
F19: 전극 단면 분석 (SEM/EDS) | G19: 26년 기준 시료 ~20개 의뢰
C20: 슬러리 유변물성 측정 | F20: 샘플링 | G20: 주사기에 슬러리 11ml 샘플링 (샘플 1종당 4개) 후 1개를 제외하고 3개는 상온 챔버에 보관
F21: calibraton | G21: 장비 calibration 진행 -> geomerty 장착 후 calibration 추가 진행 (장비 오류 확인 작업), 4회 반복 (0, 1, 2, 7일)
F22: 슬러리 투입 | G22: 주사기로 슬러리 9-11ml 투입 후 측정 조건/저장 setting
F23: 슬러리 유변물성 측정 | G23: 유변 물성 측정 (시퀀스에 따라 측정소요 시간 달라짐)
F24: Data 정리 | G24: data 추출 및 초기 점도 대비 1, 2, 7일차 점도 변화율 계산/정리 (data 정리는 동일 시료 한번에 정리)
F25: 장비 세척 및 정리 | G25: 사용한 장비 세척
C26: XRD | F26: 샘플 소분 | G26: 시료 소분 후 분석실 이동
F27: 샘플링 | G27: ①샘플 홀더에 powder 평평하게 샘플링 ② 홀더 주변 클리닝 (에틸알콜 등), ③ 홀더에 샘플명/이름/날짜 수기로 기입, ④ 샘플 홀더 장비에 투입 후 측정 패턴 및 저장 setting
F28: XRD 측정 | G28: XRD 측정
F29: Data 변환 및 fitting | G29: ① Topaz 프로그램 활용하여 Rietveld refinement진행, 필요 데이터 계산 및 추출 (strain, crystal density, lattice parameter, cation mixing, X-size) ② EVA 프로그램 활용하여 (003), (104) peak FWHM 계산 및 추출, raw data는 xy형식 파일로 저장하여 추출 / 결정립 fitting ③xy파일로 raw data불러와 origin 또는 MDS이용해 그래프 생성
F30: 장비 세척 및 정리 | G30: 사용한 샘플홀더 세척 및 정리
F31: 그래프 생성 | G31: 추출한 data로 그래프 생성
C32: BET | F32: 샘플링 | G32: 비어있는 BET 초자의 무게 측정 -> 초자에 샘플 투입 (powder 0.2~2g/밀도가 낮은 샘플은 g수를 더 낮춰서 투입) -> 초자 neck부분에 묻어있는 시료는 면봉으로 닦아주기, 전처리 장비에 초자 연결
F33: 전처리_x000D_ | G33: 300℃ 진공상태에서 2시간동안 전처리 진행 (pore V.이 큰 원료의 경우, 전처리 시간 증가) --> 상온으로 식히기
F34: 무게 측정_x000D_ | G34: 전처리 진행한 샘플이 담긴 BET 초자의 무게 측정-> 샘플 무게 계산
F35: 측정 준비 | G35: BET 장비에 초자 장착 -> 가스보관실에서 액체 질소 소분 후 장비 용기에 덜어주기, 측정 패턴/파일명 등 설정
F36: 측정 | G36: 측정 시작 (장비에 따라 2개 소재 동시 분석 가능)
F37: Data 정리 | G37: data 추출 및 정리 (그래프 그리기, pore 크기별 비율 계산 등)
F38: 장비 세척 및 정리 | G38: 사용한 초자 세척 및 정리
C39: Tap 밀도 | F39: 샘플링 | G39: 메스실린더에 시료 40g 계량 후 투입 및 tap밀도 측정기에 장착
F40: 1000회 tapping | G40: 1000회 tapping
F41: Tap 밀도 측정 | G41: 메스실린더 부피 확인 및 tap 밀도 계산
F42: 장비 세척 및 정리 | G42: 사용한 메스실린더 세척 및 정리
C43: 진밀도 측정 | F43: 샘플링 | G43: 드라이룸에서 시료 소분 후, 진밀도 전용기에 분체 투입 후 tapping, cap 장착, 측정 조건 및 횟수 등 설정 (온도 안정화 될때까지 대기)
F44: 측정 | G44: 진밀도 측정
F45: Data 정리 | G45: data 추출
F46: 장비 세척 및 정리 | G46: 사용한 초자 세척 및 정리
C47: 전극 접착력 측정 | F47: 샘플링 | G47: 전극 접착력 size (2*10cm)로 전극 타발
F48: 슬라이드 글라스에 양면테이프 부착 | G48: 슬라이드 글라스에 양면테이프 부착
F49: 슬라이드 글라스에 전극 부착 | G49: 테이프 위에 타발한 전극 부착
F50: 롤러 작업_x000D_ | G50: 전극 부착된 슬라이드 글라스 롤링 작업 왕복 10회
F51: 접착력 측정기에 부착_x000D_ | G51: 접착력 측정기에 슬라이드글라스 부착
F52: 접착력 측정 | G52: 전극 접착력 측정 (90도, peel-off), 한소재당 4-5개 측정
F53: Data 정리_x000D_ | G53: data 추출 및 정리
C54: 수분 함량 측정 | F54: 샘플링 | G54: 전용 바이알에 시료 1g 소분
F55: 바이알 장착 | G55: Karl Fischer 장비에 위치시킴. (빈 병의 수분 측정 위한 1개 포함)
F56: 측정 온도 조건 설정 | G56: 원하는 측정 온도 조건 설정
F57: Calibration | G57: 수분함량 측정 시작 후 장비에 연결된 비커 내 용액의 상태 칼리브레이션 시작
F58: 측정 | G58: 장비가 설정한 시료의 개수만큼 자동으로 위치 바꿔가며 측정함.
F59: Data 정리 | G59: data 저장 후 추출
F60: 장비 세척 및 정리 | G60: 세척및 정리
C61: 음극재 1팀 특수 실험
C62: Slurry gas 발생량 측정_x000D_ | F62: 샘플링 | G62: Al pouch 외관에 샘플명/날짜 등 기입 | H62: 음극재 1팀 특수 실험
F63: 슬러리 투입 | G63: gas 발생 평가용 슬러리 20g을 Al pouch에 투입 (동일 시료 당 2개 - 반복 측정 및 온도 변경 측정) | H63: 음극재 1팀 특수 실험
F64: 파우치 실링 | G64: 진공 sealing 장비를 이용하여 degas 및 실링, pouch cutting 포함 | H64: 음극재 1팀 특수 실험
F65: 부피 측정 | G65: Al pouch를 DI water가 있는 메스실린더에 넣고, 초기 부피 측정 | H65: 음극재 1팀 특수 실험
F66: 세척 후 보관 | G66: Pouch 외관에 묻은 물기 (수분) 닦아서 제거 -> 40℃ 항온 챔버에 Al pouch 보관 | H66: 음극재 1팀 특수 실험
F67: 시간별 부피 측정 | G67: 1일차 : 40℃ 항온 챔버에 Al pouch를 꺼냄 --> 5~10min 정도 상온에서 대기 (온도를 내리기 위한 목적) --> Al pouch를 DI water가 있는 메스실린더에 넣고, 1일차 부피 측정 -> Pouch 외관에 묻은 물기 (수분) 닦아서 제거 --> 40℃ 항온 챔버에 Al pouch 보관 (위 과정을 1, 2, 7일차까지 반복) 같은 pouch로 3일 추가 측정 | H67: 음극재 1팀 특수 실험
F68: Data 정리 | G68: 0일차 초기 두께 대비 1, 2, 7일차 Al pouch의 부피 증가량 계산 후 data정리 (표 또는 그래프) | H68: 음극재 1팀 특수 실험
F69: 장비 세척 및 정리 | G69: Al pouch 폐기 (pouch open한 후 폐슬러리 별도 보관함에 투입 과정 포함) | H69: 음극재 1팀 특수 실험

Sheet 보조1-6_세부공정_분석_전해질
B3: LEVEL 0 | C3: LEVEL 1,2 | D3: LEVEL 2 | E3: LEVEL 3 | F3: LEVEL 4 | G3: LEVEL 5
B4: 실험 분류 | C4: 공정 | D4: 실험/분석법 상세 | E4: 실험 목적 | F4: Process step or SOP | G4: 상세 설명
C5: 전해질 제조 | F5: 원소재 물성을 고려 조성 선정 및 제조 | G5: 1. salt 및 첨가제 계량 2. 용매 첨가 후 교반 (salt가 용매에 용해되는 과정에서의 발열 주의) 3. 100% 용해된 전해질 저온 보관 고온에서 경시 우려가 있는 물질 첨가시 전해질 온도 낮춘 후 첨가 필요(소재특성을 고려한 투입순서 및 시점 고려 필요) | H5: 전해질 팀 특수 실험
C6: 전해질 HF 측정(상온) | F6: 적정용액 준비 | G6: 한 샘플 3회 정도 측정 (상온 수계, 적정용액 NaOH 0.01N) HF 측정 전 DOS 키를 눌러 tube에 있는 공기를 빼준다. STOP (FILL)을 눌러 vessel을 채워준다. | H6: 전해질 팀 특수 실험
F7: 증류수 준비 | G7: 100 mL 비커에 3차 증류수를 60mL 정도 채운다. | H7: 전해질 팀 특수 실험
F8: 교반 | G8: 2개의 probe를 담그고 stirring을 시작한다. (probe가 stirring bar에 닿지 않게 주의) | H8: 전해질 팀 특수 실험
F9: 샘플 정량화 | G9: 3 mL syringe에 1.0~1.5 mL의 샘플을 주입한다. | H9: 전해질 팀 특수 실험
F10: 샘플 정량화 | G10: 샘플 + syringe를 저울의 비커에 넣고 zero 해 준다. | H10: 전해질 팀 특수 실험
F11: 샘플 투입 | G11: 샘플을 비커에 주입한다. (샘플이 비커 벽에 묻지 않게 주의) | H11: 전해질 팀 특수 실험
F12: 측정 및 데이터 확보 | G12: Start를 누른다. “Sample size”가 화면에 나오면 빈 syringe를 저울의 비커에 넣고 측정되는 마이너스 값 (샘플의 무게)을 입력 후 Enter 키를 누른다.(데이터 확인) | H12: 전해질 팀 특수 실험
F13: 세정 | G13: Probe 세척: 아세톤으로 세척 후 3차 증류수로 세척(probe는 반드시 보관 액에 넣어 준다) 비커 세척: 아세톤으로 세척 후 60oC 오븐 보관 | H13: 전해질 팀 특수 실험
C14: 전해질 HF 측정(저온) | F14: 적정용액 준비 | G14: 한 샘플 3회 정도 측정 (저온 수계, 4 oC , 적정용액 NaOH 0.1N) HF 측정 전 DOS 키를 눌러 tube에 있는 공기를 빼준다. STOP (FILL)을 눌러 vessel을 채워준다. | H14: 전해질 팀 특수 실험
F15: 증류수 준비 | G15: 250 mL 비커에 3차 증류수를 100mL 정도 채운다. 이때 비커를 얼음 base에서 stirring하여 증류수 온도가 3~4℃가 될 수 있도록 한다. | H15: 전해질 팀 특수 실험
F16: 교반 | G16: 2개의 probe를 담그고 stirring을 시작한다. (probe가 stirring bar에 닿지 않게 주의) | H16: 전해질 팀 특수 실험
F17: 샘플 정량화 | G17: 15 - 20 mL의 샘플을 준비한다. | H17: 전해질 팀 특수 실험
F18: 샘플 정량화 | G18: 샘플 + bottle (혹은 syringe)를 저울의 비커에 넣고 zero 해 준다. | H18: 전해질 팀 특수 실험
F19: 샘플 투입 | G19: 샘플을 비커에 주입한다. (샘플이 비커 벽에 묻지 않게 주의) Start를 누른다. | H19: 전해질 팀 특수 실험
F20: 측정 및 데이터 확보 | G20: “Sample size”가 화면에 나오면 빈 bottle (혹은 syringe)를 저울의 비커에 넣고 측정되는 마이너스 값 (샘플의 무게)을 입력 후 Enter 키를 누른다. 적정이 완료되면 data가 자동으로 프린트 된다. | H20: 전해질 팀 특수 실험
F21: 세정 | G21: Probe 세척: 아세톤으로 세척 후 3차 증류수로 세척(probe는 반드시 보관 액에 넣어 준다.) 비커 세척: 아세톤으로 세척 후 60oC 오븐 보관 | H21: 전해질 팀 특수 실험
C22: 전해질 수분 함량 측정 | F22: 샘플 정량화 | G22: 한 샘플 3회 정도 측정 화면에 “ready”가 나와있으면 (or COND 지시 등이 안정되면) 수분 측정 가능. “ready”가 뜨지 않을 경우 담당자에게 문의. 1mL syringe에 0.7~1.0mL의 샘플을 주입한다. | H22: 전해질 팀 특수 실험
F23: 샙플 정량화 | G23: 샘플 + syringe를 저울의 비커에 넣고 zero 해 준다. | H23: 전해질 팀 특수 실험
F24: 적정준비 | G24: 화면에 “ready”가 나온 것을 (or COND 지시 등이 안정되면) 확인하고 Start 키를 누른다. (drift 값 5~7 수준 확인, Voltage 45mV수준 확인  Ready 조건). | H24: 전해질 팀 특수 실험
F25: 샘플투입 | G25: “Sample size”가 화면에 나오면 샘플을 주입한다. | H25: 전해질 팀 특수 실험
F26: 측정 | G26: 빈 syringe를 저울의 비커에 넣고 측정되는 마이너스 값 (샘플의 무게)을 입력 후 Enter 키를 누른다. 적정이 완료되면 화면에 나타난 값을 읽는다 | H26: 전해질 팀 특수 실험
C27: 전해질 이온 전도도 측정 | F27: 온도 setting | G27: Ionic conductivity meter와 표준용액을 setup 하고 장비 aging과 표준용액의 온도 평형을 위해 10분간 대기한다. | H27: 전해질 팀 특수 실험
F28: 표준소재 투입 | G28: 표준용액을 15ml Nalgene Bottle 하단 neck까지(15ml) 채운 후 Probe의 온도선 이상 잠기도록 Probe를 탐침한다. 팔콘 튜브(15ml)사용 시 전해액 4-5ml를 채워준다. | H28: 전해질 팀 특수 실험
F29: 표준소재 측정 조건 확보 | G29: 정확한 calibration을 위하여 표준용액의 온도가 25℃ 될 때까지 승온시키며 Display 창에서 아래의 표시가 나타날 수 있도록 승온시간을 충분히 주어준다.<Fig.1> (챔버안에 위치시킨 후 20min soaking시키고 이후 1min이상 측정값에 변화가 없을때를 온도평형시점으로 본다. | H29: 전해질 팀 특수 실험
F30: 표준소재 측정 및 확인 | G30: 4. 25℃가 되면 Calibration button을 누르고 곧이어 Read button을 눌러서 이온전도도 값이 12.88mS/cm가 나오도록 한다. 이때 사용하는 프로브의 전극셀상수(CC)가 spec과 일치하여 정상상태인지확인한다. | H30: 전해질 팀 특수 실험
F31: 표준 소재 세정 | G31: Probe는 Acetone을 이용하여 세척하고, blower를 이용하여 잔류 solvent를 모두 제거 후 Acetone의 완전한 기화 및 온도 회복을 위해 3~5분간 방치한다. | H31: 전해질 팀 특수 실험
F32: 측정 및 세정 | G32: 측정을 완료한 후에는 Water를 이용하여 Probe에 남아있는 salt를 완전히 제거하는 것이 바람직함. ※ Data의 편차가 발생하는 경우 표준 전해액을 이용하여 장비 신뢰성을 확인하는 것이 바람직함.  E2 전해액을(공장 생산품) 표준 전해액으로 선정하여 보관중. | H32: 전해질 팀 특수 실험
C33: 전해질 점도 측정 | F33: 점도계 세정 | G33: 점도계 호스에 연결된 DMC 담긴 주사기 피스톤 끝까지 눌러준 후 주사기 제거_x000B__x000B__x000B__x000B_ 25ml 주사기로 아세톤 20ml 주입_x000B_(주입 시 주사기 입구 호스에 돌려서 체결_x000B_ 10ml 주입 후 1~2ml 흡입, 다시 5ml 주입 후 1~2ml 흡입, 남은 아세톤 전부 주입)_x000B__x000B__x000B_ | H33: 전해질 팀 특수 실험
F34: 점도계 건조 | G34: 에어호스 연결 후 2분간 에어 주입으로 점도계 내부 건조 | H34: 전해질 팀 특수 실험
F35: 샘플 투입 및 측정 | G35: 6ml 주사기로 시료 5ml 담은 후 점도계 호스에 연결해 4ml 천천히 주입 (빠르게 주입 시 점도계 호스에 기포가 생길 경우 에러 발생하니 주의해서 주입) 시료 주입 후 Start 버튼 눌러서 측정 시작 | H35: 전해질 팀 특수 실험
F36: 재측정 | G36: 측정 완료 시 Lovis Dyn. Viscosity 값 확인 후 남은 시료 끝까지 주입 및 2번부터 다시 반복 | H36: 전해질 팀 특수 실험
F37: 점도계 세정 | G37: 모든 시료 측정 완료 시 아세톤으로 두번 세척 및 에어 주입 후 폐액통 비우기 | H37: 전해질 팀 특수 실험
F38: 보관액 충전 | G38: 6ml 주사기로 DMC (수분 제거 안 해도 됨) 5ml 담은 후 점도계 호스에 연결해 4ml 천천히 주입 (주사기는 꼽힌 상태로 그대로 두기) | H38: 전해질 팀 특수 실험
C39: 전해질 밀도 측정 | F39: 샘플 온도 측정 | G39: 한샘플 2회 이상 측정 밀도 측정 전 온도 안정화 목적으로 전해액을 상온에서 3시간 이상 방치 전해액 온도 측정 | H39: 전해질 팀 특수 실험
F40: 시료투입 | G40: PP Volumetric flask 입구쪽 벽면에 액체가 닿지 않게 전해액을 채운다. 메니스커스 현상을 감안하여 표면 가운데에 해당하는 위치의 눈금을 수평으로 보렴서 시료양을 맞춘다. | H40: 전해질 팀 특수 실험
F41: 측정 및 계산 | G41: 정확안 Volume으로 넣은 시료의 무게를 부피로 나누어 밀도를 계산한다. 밀도표기시 측정한 온도 기재한다. | H41: 전해질 팀 특수 실험
F42: 세정 | G42: 측정이 완료된 Volumetric flask는 증류수와 아세톤으로 세척하여 챔버에 보관한다. | H42: 전해질 팀 특수 실험
C43: 전해질 이온종 측정 | F43: 측정 샘플 준비 | G43: 용기 용량에 따른 샘플 준비 | H43: 전해질 팀 특수 실험
F44: 측정 | G44: 분석기, 광원 및 범위 선정 및 측정 | H44: 전해질 팀 특수 실험
C45: 셀 분석 실험 | F45: 셀 확보 | G45: SOC, 활성화 조건, 초기, 퇴화 상태 | H45: 전해질 팀 특수 실험
E46: 파우치셀 가스분석 | F46: 분석 및 해석 | G46: SEI형성 반응, 산화 환원반응에 의한 가스 거동 해석을 통한 부반응 원인 파악 | H46: 전해질 팀 특수 실험
C47: 셀 분석 실험 | F47: 셀 확보 | G47: SOC, 활성화 조건, 초기, 퇴화 상태 | H47: 전해질 팀 특수 실험
E48: 파우치셀 전해질 잔량 분석 | F48: 분석 | G48: 방전상태 및 전해액 추출/희석 및 분석 | H48: 전해질 팀 특수 실험
C49: 셀 분석 실험 | F49: 셀 확보 | G49: SOC, 활성화 조건, 초기, 퇴화 상태
E50: 원통형셀 가스분석 | F50: 분석 및 해석 | G50: SEI형성 반응, 산화 환원반응에 의한 가스 거동 해석을 통한 부반응 원인 파악
C51: 셀 분석 실험 | F51: 셀 확보 | G51: SOC, 활성화 조건, 초기, 퇴화 상태 | H51: 전해질 팀 특수 실험
E52: 원통형셀 전해질 잔량 분석 | F52: 분석 | G52: 방전상태 및 전해액 추출/희석 및 분석 | H52: 전해질 팀 특수 실험
C53: 셀 실험_전기화학셀 | E53: CV 및 LSV 측정 (글러브박스 內) | F53: 작업 전극 준비 | G53: Working electrode 준비 : 본 측정에서는 지름이 1.6mm 인 Pt disc 전극 (Bioanalytical Systems, Inc., 상품코드 MF-2013)을 사용한다. ALS사의 polishing kit (상품코드 013223)를 사용 Polishing을 진행하여 working electrode의 표면을 일정하게 유지한다. 1) 유리판을 준비하여 alumina pad 를 올려놓고, pad 위에 alumina powder를 뿌린 뒤 전극을 pad와 수직이 되게 손으로 잡고, 원형을 그리면서 polish 한다. 2) 끝난 뒤에는 증류수로 세척하고, air drying 까지 마치면 사용 준비 완료. 일반적으로 CV 측정을 위하여 Pt electrode를 준비할 때는 8자를 그리면서 시계 방향으로 50회, 반시계 방향으로 50회 연마한다. | H53: 전해질 팀 특수 실험
F54: 기준 및 상대전극 준비 및 셀 구성 | G54: Reference electrode 준비 : 본 측정에서는 Li metal을 사용한다. Reference electrode는 일정한 전위를 유지시키는 역할만 할 뿐 반응에 참여하지 않기 때문에 전극의 면적에 관계없다. Li metal을 너비 약 0.5cm로 자른 후 측정 비커 바닥에 붙여 위치시킨다. 3전극 시스템 set-up : 준비한 we, ce, re를 glove box 내에서 아래 그림과 같이 setting 한다. | H54: 전해질 팀 특수 실험
F55: 전해질 투입 및 측정 | G55: Ref. 전해액으로 EC/EMC 3/7 (v/v %) LiPF6 1M 전해액을 사용한다. Cycle 별 반응의 변화를 보려고 할 때는 3cycle 이상, 단순 LSV만 보려고 할 때는 1cycle만 돌려도 무방하다. 자세한 Cyclic Voltammogram의 set up 조건은, initial potential을 초기 OCV (0 V)로 시작하여 Ref. (본 실험에서는 Li metal의 전위) 대비 6V 까지 sweep 후 다시 Ref. 대비 3V 까지 돌아오는 cycle을 3번 반복한다는 것이다. 이때 scan rate은 10mV/Sec 이다. 마지막 cycle이 끝나면 initial potential과 같은 OCV까지 sweep후 실험이 종료된다. (Initial potential과 final potential을 따로 설정하지 않아도 상관없음) | H55: 전해질 팀 특수 실험

Sheet 보조1-7_세부공정_분석_분리막
B3: LEVEL 0 | C3: LEVEL 1,2 | D3: LEVEL 2 | E3: LEVEL 3 | F3: LEVEL 4 | G3: LEVEL 5
B4: 실험 분류 | C4: 공정 | D4: 실험/분석법 상세 | E4: 실험 목적 | F4: Process step or SOP | G4: 상세 설명
C5: SEM 분석 | F5: 샘플링 | G5: 샘플홀더에 카본테이브 부착 후, 소량의 powder (혹은 전극) 부착
F6: 샘플 홀더 장비로 투입 | G6: 샘플 홀더 장비로 투입
F7: 이미지 생성 | G7: 원하는 샘플 SEM 이미지 (입자의 형태를 잘 확인할 수 있는) 확인 후 배율별로 각각 캡쳐
F8: EDS 분석_x000D_ | G8: EDS 분석
F9: Data 저장_x000D_ | G9: Data 저장 후 추출
F10: 샘플 홀더 자동 배출_x000D_ | G10: 샘플 홀더 배출
F11: 샘플 홀더 클리닝_x000D_ | G11: 샘플 홀더 클리닝
C12: SEM 분석 (이온밀링) | F12: 이온밀링_x000D_ | G12: 일부 연구원들은 라이선스를 받아 직접 측정하기도 하나, quality있는 분석과 결과를 위해 분석담당에 분석 의뢰 중
F13: 전극 단면 분석 (SEM/EDS) | G13: 26년 기준 시료 ~20개 의뢰
C14: BET | F14: 샘플링 | G14: 비어있는 BET 초자의 무게 측정 -> 초자에 샘플 투입 (powder 0.2~2g/밀도가 낮은 샘플은 g수를 더 낮춰서 투입) -> 초자 neck부분에 묻어있는 시료는 면봉으로 닦아주기, 전처리 장비에 초자 연결
F15: 전처리_x000D_ | G15: 300℃ 진공상태에서 2시간동안 전처리 진행 (pore V.이 큰 원료의 경우, 전처리 시간 증가) --> 상온으로 식히기
F16: 무게 측정_x000D_ | G16: 전처리 진행한 샘플이 담긴 BET 초자의 무게 측정-> 샘플 무게 계산
F17: 측정 준비 | G17: BET 장비에 초자 장착 -> 가스보관실에서 액체 질소 소분 후 장비 용기에 덜어주기, 측정 패턴/파일명 등 설정
F18: 측정 | G18: 측정 시작 (장비에 따라 2개 소재 동시 분석 가능)
F19: Data 정리 | G19: data 추출 및 정리 (그래프 그리기, pore 크기별 비율 계산 등)
F20: 장비 세척 및 정리 | G20: 사용한 초자 세척 및 정리
C21: 분리막 팀 특수 실험
C22: 분리막 두께 측정_x000D_ | F22: 분리막 타발 | G22: 분리막 5 x 5 cm 타발한다. | H22: 분리막 팀 특수 실험
F23: 분리막 두께 측정 | G23: 분리막의 상/하/좌/우/중앙 5 point 두께 측정한다. | H23: 분리막 팀 특수 실험
C24: 분리막 무게 측정_x000D_ | F24: 분리막 타발 | G24: 분리막 5 x 5 cm 타발한다. | H24: 분리막 팀 특수 실험
F25: 분리막 무게 측정 | G25: 분리막의 무게를 측정한다. | H25: 분리막 팀 특수 실험
C26: 분리막 통기성 측정_x000D_ | F26: 분리막 타발 | G26: 분리막 5 x 5 cm 타발한다. | H26: 분리막 팀 특수 실험
F27: 분리막 통기도 측정 | G27: 분리막의 통기도 측정한다. | H27: 분리막 팀 특수 실험
C28: Puncture stress_x000D_ | F28: 분리막 타발 후, 장비에 분리막 고정 | G28: 5cm x 5cm 로 타발 된 분리막을 고정한다. | H28: 분리막 팀 특수 실험
F29: Needle의 위치를 분리막에 맞닿게 위치 조절 | G29: Needle의 위치를 분리막에 맞닿게 위치 조절한다. | H29: 분리막 팀 특수 실험
F30: 천공 강도 측정 프로그램을 실행 | G30: Nexygen 실행 후 천공 테스트 선택 -> 파일명 설정의 순서로 진행 후 샘플명 입력 후 시작한다. | H30: 분리막 팀 특수 실험
F31: Data 분석 및 추출 | G31: 데이터를 취득한다. | H31: 분리막 팀 특수 실험
C32: Tensile strength (인장강도)_x000D_ | F32: 분리막 타발 | G32: 분리막을 15 mm x 200 mm로 MD/TD 방향 구분하여 6ea 샘플 준비한다 | H32: 분리막 팀 특수 실험
F33: 장비에 분리막 고정 | G33: 타발된 분리막을 인장 강도 Jig에 100 mm로 고정한다. | H33: 분리막 팀 특수 실험
F34: 인장 강도 측정 프로그램 실행 | G34: 인장 강도 테스트 선택 -> 파일명 설정의 순서로 진행 후 샘플명 입력 후 시작한다. | H34: 분리막 팀 특수 실험
F35: Data 분석 및 추출 | G35: 데이터를 취득한다. | H35: 분리막 팀 특수 실험
C36: Dry 열수축 테스트 | F36: 분리막 타발하여 준비 | G36: 분리막을 5 x 5 cm 타발한다. | H36: 분리막 팀 특수 실험
F37: 오븐내에 분리막 가열 진행 | G37: 오븐에 A4 11장 x 11장 스택 사이에 분리막을 넣은 후 30분간 가열 | H37: 분리막 팀 특수 실험
F38: 수축된 분리막 길이 측정 | G38: 분리막 길이 변화를 MD/TD 방향으로 측정한다. | H38: 분리막 팀 특수 실험
C39: Wet 열수축 테스트 | F39: 분리막 타발하여 준비 | G39: 분리막을 5x5cm 로 타발한다. | H39: 분리막 팀 특수 실험
F40: Al pouch에 분리막을 넣고, 전해액 넣은 후 밀봉 | G40: Al pouch에 분리막을 넣은 후, 전해액을 1g 넣고 밀봉한다 | H40: 분리막 팀 특수 실험
F41: 30분간 분리막을 가열 | G41: 오븐에 30분 간 방치한다. | H41: 분리막 팀 특수 실험
F42: 수축된 분리막 길이 측정 | G42: 분리막 길이 변화를 MD/TD 방향으로 측정한다. | H42: 분리막 팀 특수 실험
C43: 내압축성 분석 | F43: 분리막 타발 | G43: 분리막을 5 x 5 cm 타발한다. | H43: 분리막 팀 특수 실험
F44: 내압축전 두께/통기도 측정 | G44: 내압축 진행하기 전 두께/통기도를 측정한다. | H44: 분리막 팀 특수 실험
F45: heat press 진행 | G45: 설정한 온도/압력/시간 동안 분리막 샘플을 hot press로 누른다 | H45: 분리막 팀 특수 실험
F46: 압축 후 두께/통기도 측정 | G46: 압축 후 두께/통기도 변화를 확인한다. | H46: 분리막 팀 특수 실험
C47: TMA 분석 | F47: 분리막 타발하여 준비 | G47: 0.5 mm x 10 mm로 타발된 분리막 시편이 준비되면 DMA850 장비의 전원을 켜고, Idle 상태가 될 때까지 기다린다. TRIOS 프로그램을 실행하여 DMA850 “Connect”  “Experiment”에서 샘플명을 입력한다. | H47: 분리막 팀 특수 실험
F48: 장비에 분리막 고정 후 열특성 측정 | G48: 커버를 열어 Tension clamp 간 거리(Position)를 10mm로 설정하고 “Lock” 버튼을 눌러 지그 간 거리를 고정시킨 후 지그에 샘플을 고정시킨다. | H48: 분리막 팀 특수 실험
F49: 장비에 분리막 고정 후 열특성 측정 | G49: 샘플 고정이 완료되면 장비의 커버를 닫아 잠근 후 “Float” 버튼을 누르고, Measure 버튼을 눌러 측정을 시작한다. | H49: 분리막 팀 특수 실험
F50: Data 분석 및 추출 | G50: 데이터를 취득한다. | H50: 분리막 팀 특수 실험
C51: ER 분석 | F51: 분리막 타발하여 준비 | G51: 19Φ로 분리막을 타발한다. | H51: 분리막 팀 특수 실험
F52: 코인셀 조립 | G52: 코인셀을 조립한다. | H52: 분리막 팀 특수 실험
F53: Wetting 진행 | G53: 3시간 이상의 충분한 wetting을 진행한다. | H53: 분리막 팀 특수 실험
F54: EIS 측정 | G54: EIS 장비를 통해 bulk 저항을 측정하여 ER을 확인한다. | H54: 분리막 팀 특수 실험
F55: Data 분석 및 추출 | G55: 데이터를 취득한다. | H55: 분리막 팀 특수 실험
C56: CLSM 분석 | F56: 샘플링 | G56: 분리막을 타발하여 CLSM 분석 샘플링 진행한다. | H56: 분리막 팀 특수 실험
F57: CLSM 분석 | G57: CLSM 분석 진행한다. | H57: 분리막 팀 특수 실험
F58: Data 저장 | G58: 데이터를 취득한다. | H58: 분리막 팀 특수 실험
C59: 수분 함량 측정_x000D_ | F59: 샘플링전 준비 | G59: 무기물 혹은 분리막 타발 후 시료 무게 측정 | H59: 분리막 팀 특수 실험
F60: 샘플링 | G60: 1) 무기물 ① 측정 저울에 분리막 원단 (5x5cm2 @드라이룸에서 24h 건조)을 올린 후 영점 잡는다. ② 무기물을 원단 위에 올려 [무기물]의 무게를 측정한다. ③ 분리막 원단으로 분리막을 감싼 후 시료를 Vial에 넣고 클램핑한다. ④ Blank 시료 준비한다. (Ref. : 분리막 원단) 2) 분리막 (비교) ① 분리막 무게 측정한 후 Vial에 분리막 넣고 클램핑한다. ② Blank 시료 준비한다 (Ref. : Blank vial) | H60: 분리막 팀 특수 실험
F61: 장비 측정 진행 | G61: N2밸브 Open Flow rate / Temp. 변경1) 및 확인 Blank 측정(Ref.) 2) 시료 측정 3)  Flow rate / Heater temp. 기본값으로 변경  N2밸브 Close 1) Flow rate / Temp. 변경 : [OK] 버튼 클릭  TEMP1=120℃ 변경후 [OK]  TEMP2=120 ℃ 변경 후 [OK]  Gas 60 ml/min 변경후 [OK] (TEMP 기본값 : TEMP1=150 TEMP2=200 / Gas flow rate =56) 2) Blank 측정 : 리모컨 3번 누르기  LCD화면에 [recall method] 선택한 후 ENTER 누르기  Method : [Oven-Blk] ENTER 누르기  빨간 스위치 올리기  [Stirrer] 버튼 누르기  drift 1.0ug/min 이하 될 때까지 대기  Ref. Vial 시료 로딩하기  Ref. 병 needle로 찌르기  무게 1g 입력  START  graph꺼지면 needle 빼기  STOP | H61: 분리막 팀 특수 실험
F62: Data 분석 및 추출 | G62: 데이터를 취득한다. | H62: 분리막 팀 특수 실험
C63: 기공구조분석_x000D_ | F63: 분리막 샘플링 | G63: 측정을 위한 분리막을 준비한다. | H63: 분리막 팀 특수 실험
F64: 원단의 기공 사이즈 확인 및 압축 전/후의 원단의 기공 변형 정도를 파악 | G64: 장비 전원을 켜고 실험용 컴퓨터와 연동되는지 확인한 이후, 압력 밸브와 가스통 밸브를 열어 gauge 공기압을 확인 한다. 그리고 샘플을 홀더에 정확히 끼우고 호스를 연결한다. 컴퓨터에서 Capwin 프로그램을 켜고 Execute → AutoTest를 누른다. Minimum Pressure, Maximum Pressure를 입력하고, Output File Name을 입력 후 “Start Test” 버튼을 눌러 평가를 수행한다 | H64: 분리막 팀 특수 실험
F65: Data 분석 및 추출 | G65: Mean flow pore diameter 및 Bubble point pore diameter 를 통해 Mean pore와 Max pore size를 확인할 수 있다 | H65: 분리막 팀 특수 실험
C66: BDV 분석 | F66: 샘플 준비 | G66: 분리막 5 x 5 cm로 타발하여 20장 준비하고, Al 호일을 타발한다 | H66: 분리막 팀 특수 실험
F67: 절연파괴전압 측정 | G67: 장비로 BDV값을 측정한다 | H67: 분리막 팀 특수 실험
F68: Data 분석 | G68: 데이터를 취득한다. | H68: 분리막 팀 특수 실험
C69: MI_x000D_ | F69: 샘플 준비 | G69: 분리막 샘플을 준비한다. | H69: 분리막 팀 특수 실험
F70: 장비 세팅 | G70: 온도가 측정 온도에 도달하면 약 15-30분 정도 일정하게 온도가 유지되도록 기다린다. 드라이브가 상단에 위치하도록 하고 안전커버를 열어준다. Test chamber 를 앞쪽으로 당겨준다. Die를 Test barrel에 넣고, 시료를 test barrel에 채워준다. Test Chamber를 원래 자리로 되돌려 고정하고, Test piston을 결합한다. 안전커버를 닫는다. | H70: 분리막 팀 특수 실험
F71: 장비 측정 | G71: 메인 화면에 “TEST” 버튼을 누르면 측정이 시작된다. | H71: 분리막 팀 특수 실험
F72: Data 정리 | G72: 측정이 완료되면 디스플레이 내 결과를 확인하고, 드라이브를 상단 위치에 있는지 확인하고 안전 커버를 연다. Test Piston, Test Barrel, Die 등 공급된 Tool과 적절한 천을 사용해 Cleaning 한다. | H72: 분리막 팀 특수 실험
C73: Heat Gurley_x000D_ | F73: 샘플 준비 | G73: 5cm x 5cm 크기로 샘플링된 분리막을 측정 지그에 체결한다. | H73: 분리막 팀 특수 실험
F74: 장비 세팅 | G74: 샘플을 체결한 다음, 바탕화면의 “Temp_SEC”를 실행하고, 프로그램 좌측 상단의 ➡를 클릭한다음 우측 하단의 🔴 버튼을 클릭하여 녹색으로 활성화시킨다. | H74: 분리막 팀 특수 실험
F75: 장비 측정 | G75: 마지막으로 중앙 하단의 Temperature 탭에서 적정 패턴을 입력하고, Write, Run을 차례로 클릭하여 Heat gurley를 측정을 시작한다. 측정이 완료되면 바탕화면 data 폴더에 raw data excel file이 생성된다. | H75: 분리막 팀 특수 실험
F76: Data 정리 | G76: 그래프로 정리하여 분리막별 shut-down 온도 및 melt-down 온도를 비교 분석한다. | H76: 분리막 팀 특수 실험
C77: Peel strength_x000D_ | F77: 분리막 타발 | G77: 분리막 2x6 cm으로 타발하여 준비한다 | H77: 분리막 팀 특수 실험
F78: 슬라이드 글라스에 부착 | G78: 슬라이드 글라스에 양면테이프 부착 후 타발된 분리막을 붙친 후 가로 길이를 1.5 cm로 자른 후 PET 간지를 붙쳐 준비한다 | H78: 분리막 팀 특수 실험
F79: Peel strength 측정 | G79: UTM장비로 분리막을 떼면서 힘을 측정한다. | H79: 분리막 팀 특수 실험
F80: Data 정리 | G80: 데이터를 취득한다. (원단-코팅층, 코팅층 내부 결착력 측정) | H80: 분리막 팀 특수 실험
C81: 점도 측정 | F81: 슬러리 준비 | G81: 측정용 슬러리를 준비한다 | H81: 분리막 팀 특수 실험
F82: 코팅층 슬러리 점도 측정 | G82: 코팅층 슬러리 16 mL를 점도 측정기 cell에 넣은 후, 장비에 체결한다. 10 rpm에서 점도를 측정하고, 90 torque가 측정되는 rpm에서 점도를 한 번 더 측정한다. | H82: 분리막 팀 특수 실험
F83: 장비 세척 | G83: 측정 장비를 세척한다. | H83: 분리막 팀 특수 실험
C84: 고형분 측정 | F84: 슬러리 준비 | G84: 측정용 슬러리를 준비한다. | H84: 분리막 팀 특수 실험
F85: 코팅층 슬러리 고형분 측정 | G85: 코팅층 슬러리 5g을 알루미늄 dish에 올린 후 고형분 장비 측정을 진행한다. | H85: 분리막 팀 특수 실험
C86: PSD 분석 (분리막) | F86: 슬러리 준비 | G86: 측정용 슬러리를 준비한다 | H86: 분리막 팀 특수 실험
F87: 코팅층 슬러리 입도 측정 | G87: 고형분 장비를 켠 후 DI water를 통해 background를 측정한다. 측정 완료 후 스포이드를 이용하여 슬러리를 소량 투입하여 obscuration 값이 설정 범위 (10-30%) 이내로 오도록 한다. Measure sample 버튼을 클릭하여 측정 시작한다. | H87: 분리막 팀 특수 실험
F88: 장비 세척 | G88: 측정 장비를 세척한다. | H88: 분리막 팀 특수 실험
C89: Dry 전극-분리막 접착력 | F89: 분리막/전극 타발 | G89: 분리막과 전극을 타발한다. | H89: 분리막 팀 특수 실험
F90: Heat press 진행 | G90: 전극과 분리막을 포개어 놓은 후, 서보모터로 라미네이션 진행한다. | H90: 분리막 팀 특수 실험
F91: 슬라이드 글라스에 부착 | G91: 슬라이드 글라스에 라미된 샘플을 부착한다. | H91: 분리막 팀 특수 실험
F92: 접착력 측정 | G92: UTM장비로 분리막을 떼면서 힘을 측정한다. | H92: 분리막 팀 특수 실험
F93: Data 정리 (Dry 상태의 전극-분리막 사이의 접착력 측정) | G93: 데이터를 취득한다. | H93: 분리막 팀 특수 실험
C94: Wet 전극-분리막 접착력 | F94: 분리막/전극 타발 | G94: 분리막과 전극을 타발한다. | H94: 분리막 팀 특수 실험
F95: 모노셀 제작 후 formation 진행 | G95: 모노셀 제작한 후 formation 진행한다. | H95: 분리막 팀 특수 실험
F96: 슬라이드 글라스 전극-분리막 부착 | G96: 슬라이드 글라스에 활성화된 전극-분리막 부착한다. | H96: 분리막 팀 특수 실험
F97: 접착력 측정 | G97: UTM장비로 분리막을 떼면서 힘을 측정한다. | H97: 분리막 팀 특수 실험
F98: Data 정리 (Wet 상태의 전극-분리막 사이의 접착력 측정) | G98: 데이터를 취득한다. | H98: 분리막 팀 특수 실험
C99: zeta-potential 분석 | F99: 샘플 준비 | G99: Zeta-potential 분석을 위한 샘플을 준비한다. | H99: 분리막 팀 특수 실험
F100: zeta-potential 분석 | G100: 슬러리 정전기적 특성 분석을 위한 샘플을 준비한다. | H100: 분리막 팀 특수 실험

Sheet 보조2-1_세부공정_실험_양극재
B3: LEVEL 0 | C3: LEVEL 1,2 | D3: LEVEL 2 | E3: LEVEL 3 | F3: LEVEL 4 | G3: LEVEL 5
B4: 실험 분류 | C4: 공정 | D4: 실험/분석법 상세 | E4: 실험 목적 | F4: Process step or SOP | G4: 상세 설명
C5: 슬러리 제작 | D5: 양극 슬러리 제작 | F5: 1차 재료 계량 | G5: 도전재+바인더 premixing 계량 (slurry 제작 전 믹서 사용하여 미리 대량 제조). 손실 방지위해 mixing통 (Nalgene bottle)에 직접 계량
F6: 2차 계량 | G6: 활물질 계량 (유선지 대신 Al foil 이용) 뒤 mixing통에 혼합 (슬러리 조성은 평가 양극재마다 상이)
F7: 고형분 맞추기 | G7: 고형분 양 고려하여 NMP 추가 투입
F8: 1차 믹싱 | G8: 슬러리 1차 혼합 (thinky mixer) (믹싱 rpm 및 시간은 평가 양극재마다 상이)
F9: 뭉친부분 풀어주기 | G9: Nalgene bottle 개봉 뒤 spatula로 휘저으며 뭉친 부분 풀어주기
F10: 2차 믹싱 | G10: 슬러리 2차 혼합 (thinky mixer)
F11: 장비 세척 및 정리 | G11: 믹싱 완료 후 장비 세척 및 정리
C12: 전극 제작 | D12: 양극 전극 제작 | F12: 소재준비 (이송) | G12: 양극 슬러리 준비
F13: 코팅 | G13: 슬러리를 Al foil 위에 도포한 후, 목표 전극무게 (~420mg/25cm2) 수준이 되도록 doctor blade gap 조절하여 코팅
F14: 건조 | G14: 코팅된 Al foil이 들뜨거나 기울어져 슬러리 로딩 불균일이 발생하지 않도록 건조과정 동안 고정 필요
F15: 장비 세척 및 정리 | G15: 사용한 코터 세척 및 정리
F16: 압연 | G16: 2cm 폭으로 전극 cutting 뒤 target porosity에 맞게 압연기 gap 조절하여 압연 2회 진행 (lab설비 기준)
F17: 장비 세척 및 정리 | G17: 사용한 압연기 세척 및 정리
C18: 셀 제작_코인셀 | D18: 코인셀 조립 | F18: 코인셀용 양극 타발 | G18: 코인셀용 양/음극 타발 (1소재당 코인셀 4~5개 제조)
F19: 무게 측정/기록 | G19: 타발된 전극 무게 측정 (target 무게에 젤 적합한 전극 사용), Cu foil 무게 측정
F20: 두께 측정/기록 | G20: 타발된 전극 두께 측정 (target 두께에 젤 적합한 전극 사용), Cu foil 두께 측정
F21: Li metal 타발 | G21: 글러브박스 내에 있는 Li metal 소분 -> 드라이룸으로 이동 후 타발+Ni mesh 부착
F22: 분리막 타발 | G22: 분리막타발
F23: 부품 준비 | G23: 제작할 코인셀 개수에 맞춰 코인셀용 부품 준비
F24: 코인셀 조립_x000D_ | G24: 코인셀 조립 및 클램핑, 에틸알콜로 누액된 전해액 닦기 등
F25: 코인셀 조립 후 OCV 측정_x000D_ | G25: OCV 측정
D26: 셀평가 | F26: 비어있는 충방전 채널에 코인셀 체결 | G26: 전극 로딩을 반영하여, 0.1/0.005C에 해당하는 current 값 확인, 충방전기 챔버로 이동 후 , 코인셀 체결, 충방전 패턴 설정 및 저장
F27: 충방전 평가 진행 | G27: 30시간 상온 wetting 후, 충방전 평가 진행
F28: Data 정리 및 용량/효율 계산_x000D_ | G28: data추출 및 정리
F29: 그래프 생성 _x000D_ | G29: 오리진 프로그램으로 그래프 생성
F30: 비어있는 충방전 채널에 코인셀 체결_x000D_ | G30: 전극 로딩 반영, C-rate에 해당하는 current값 확인, 충방전기 챔버로 이동 후 , 코인셀 체결, 충방전 패턴 설정 및 저장
F31: Rate 별 평가 | G31: rate 별 충/방전 평가 진행
F32: Data 정리_x000D_ | G32: data추출 및 정리
F33: 그래프 생성_x000D_ | G33: 오리진 프로그램으로 그래프 생성
C34: 셀 제작_모노셀 | D34: 소재 준비 | F34: 모노셀 용 전극 타발 | G34: 양/음극 모노셀 타발
F35: 양/음극 tap 닦기 | G35: tap 부분의 활물질 층 제거
F36: 전극 V/D 챔버로 이동 | G36: Al foil로 감싼 후 드라이룸 내의 V/D 챔버로 이동
F37: 전극 건조 | G37: V/D 챔버에서 130℃ 진공상태에서 8시간동안 전극 건조
D38: 모노셀 조립 | F38: 실링 후, 모노셀 수작업실 전달 | G38: 실링 후, 모노셀 수작업실 (전지동)에 전달
F39: 모노셀 조립 | G39: 모노셀 조립
F40: 수작업실에서 모노셀 수령 | G40: 모노셀 수작업실(전지동)에서 모노셀 수령 후 건조 오븐에 투입
F41: 모노셀 건조 | G41: 55~60℃ 챔버에서 1~2일 이상 건조
D42: 전해액 주액 | F42: 건조된 모노셀 실링 후, degas 장비로 이동 | G42: 건조된 모노셀 실링/ 전해액, 피펫 등 준비 후 degas 장비로 이동 (드라이룸)
F43: 건조된 모노셀에 전해질을 주액하는 공정_x000D_ | G43: 건조된 모노셀에 전해액 주액
D44: wetting | F44: 전해액 wetting | G44: 진공챔버에서 30초씩 2번 vacuum 시행
D45: 실링 | F45: 모노셀 실링 | G45: degas 장비에서 모노셀 실링(진공압착), 수기로 cell number 기입
D46: lamination | F46: lamination | G46: lamination 1회 진행 (60~130도, 5~300초)
D47: 활성화 | F47: 비어있는 충방전 채널에 모노셀 체결 | G47: 충방전기 챔버로 이동 후 , 모노셀 체결
F48: 모노셀의 활성화 공정 | G48: 12시간 이상 상온/고온 wetting 후, 3hr 충전 후 24시간 대기
F49: 활성화 Data 정리_x000D_ | G49: data추출 및 정리
D50: degas | F50: 활성화 완료된 모노셀, degas 장비로 이동 | G50: 활성화 완료된 모노셀에 포스트잇 부착 +degas 장비(드라이룸)으로 이동
F51: 모노셀 부분 6cm로 맞추어 cutting | G51: 모노셀 부분 6cm로 맞추어 cutting
F52: 모노셀 resealing | G52: degas 장비에서 모노셀 re-실링(진공압착)
D53: aging | F53: 모노셀 aging | G53: 3일동안 45~70도 aging
D54: 고온 press | F54: 고온 press | G54: 100도 이상에서 5~300초 press
D55: 지그체결 | F55: zig 체결 | G55: 지그 체결 (우레탄폼 cutting 포함)
D56: 셀평가 | F56: 비어있는 충방전 채널에 모노셀 체결 | G56: 충방전기 챔버로 이동 후, 지그에 모노셀 체결 및 충방전 패턴 설정 등 측정 준비
F57: 모노셀 용량 및 (LT)HPPC 평가 | G57: 모노셀 용량 및 (LT)HPPC 평가 진행
F58: Data 정리 | G58: data 추출 및 정리
F59: 추가 평가를 위한 셀 선별 _x000D_ | G59: 저항 유사한 순으로 셀 선별
F60: 충방전 채널에 모노셀 체결 (저/상/고온수명/고온저장 각각) | G60: 선별된 셀을 각각 상온/고온 충방전 챔버에 체결 및 충방전 패턴 설정/저장 설정, 고온 저장용 셀은 충전 후 별도 챔버에 보관 (HPPC 후 초기)
F61: 충방전 채널에 모노셀 체결 (저/상/고온수명/고온저장 각각) | G61: cycle 및 storage RPT 측정을 위한 cell 이동 체결/충방전 패턴 설정
F62: 셀 평가 (상온수명) | G62: 선별된 셀을 상온수명 평가 진행 (~600cyc., 100cyc마다 저항 측정)
F63: 셀 평가 (저온수명) | G63: 선별된 셀을 저온수명 평가 진행 (-20도,~600cyc.)
G64: 상온챔버로 옮긴 후 100cyc마다 저항 측정
F65: 셀 평가 (고온수명) | G65: 선별된 셀을 고온수명 평가 진행 (~600cyc.)
G66: 상온챔버로 옮긴 후 100cyc마다 저항 측정
F67: 셀 평가 (가스발생량 평가) | G67: 0주차 무게 측정 (공기중/수중 무게 각각 측정). 60도 챔버에서 보관 뒤 1주/2주/4주/8주/12주 차에 꺼내 동일하게 측정 뒤 부피변화 계산
F68: 셀 평가 (고온저장) | G68: 선별된 셀을 고온 저장 평가 진행 (60~75℃챔버 보관 후 1w, 2w, 4w, 6w, 8w 마다 저항 측정)
F69: Data 정리 | G69: data 추출 및 정리, 그래프 그리기 등 (수명, 저장 수시 정리 필요)

Sheet 보조2-2_세부공정_실험_리사이클
B3: LEVEL 0 | C3: LEVEL 1,2 | D3: LEVEL 2 | E3: LEVEL 3 | F3: LEVEL 4 | G3: LEVEL 5
B4: 실험 분류 | C4: 공정 | D4: 실험/분석법 상세 | E4: 실험 목적 | F4: Process step or SOP | G4: 상세 설명
C5: 슬러리 제작 | D5: 양극 슬러리 제작 | F5: 1차 재료 계량 | G5: 도전재+바인더 premixing 계량 (slurry 제작 전 믹서 사용하여 미리 대량 제조). 손실 방지위해 mixing통 (Nalgene bottle)에 직접 계량
F6: 2차 계량 | G6: 활물질 계량 (유선지 대신 Al foil 이용) 뒤 mixing통에 혼합 (슬러리 조성은 평가 양극재마다 상이)
F7: 고형분 맞추기 | G7: 고형분 양 고려하여 NMP 추가 투입
F8: 1차 믹싱 | G8: 슬러리 1차 혼합 (thinky mixer) (믹싱 rpm 및 시간은 평가 양극재마다 상이)
F9: 뭉친부분 풀어주기 | G9: Nalgene bottle 개봉 뒤 spatula로 휘저으며 뭉친 부분 풀어주기
F10: 2차 믹싱 | G10: 슬러리 2차 혼합 (thinky mixer)
F11: 장비 세척 및 정리 | G11: 믹싱 완료 후 장비 세척 및 정리
C12: 전극 제작 | D12: 양극 전극 제작 | F12: 소재준비 (이송) | G12: 양극 슬러리 준비
F13: 코팅 | G13: 슬러리를 Al foil 위에 도포한 후, 목표 전극무게 (~420mg/25cm2) 수준이 되도록 doctor blade gap 조절하여 코팅
F14: 건조 | G14: 코팅된 Al foil이 들뜨거나 기울어져 슬러리 로딩 불균일이 발생하지 않도록 건조과정 동안 고정 필요
F15: 장비 세척 및 정리 | G15: 사용한 코터 세척 및 정리
F16: 압연 | G16: 2cm 폭으로 전극 cutting 뒤 target porosity에 맞게 압연기 gap 조절하여 압연 2회 진행 (lab설비 기준)
F17: 장비 세척 및 정리 | G17: 사용한 압연기 세척 및 정리
C18: 셀 제작_코인셀 | D18: 코인셀 조립 | F18: 코인셀 조립 | G18: 코인셀 조립 및 클램핑, 에틸알콜로 누액된 전해액 닦기 등
F19: 코인셀 조립 후 OCV 측정 | G19: OCV 측정
D20: 셀평가 | F20: 비어있는 충방전 채널에 코인셀 체결 | G20: 전극 로딩을 반영하여, 0.1/0.005C에 해당하는 current 값 확인, 충방전기 챔버로 이동 후 , 코인셀 체결, 충방전 패턴 설정 및 저장
F21: 충방전 평가 진행 | G21: 30시간 상온 wetting 후, 충방전 평가 진행
F22: Data 정리 및 용량/효율 계산 | G22: data추출 및 정리
F23: 그래프 생성 | G23: 오리진 프로그램으로 그래프 생성
F24: 비어있는 충방전 채널에 코인셀 체결 | G24: 전극 로딩 반영, C-rate에 해당하는 current값 확인, 충방전기 챔버로 이동 후 , 코인셀 체결, 충방전 패턴 설정 및 저장
F25: Rate 별 평가 | G25: rate 별 충/방전 평가 진행
F26: Data 정리 | G26: data추출 및 정리
F27: 그래프 생성 | G27: 오리진 프로그램으로 그래프 생성
C28: 셀 제작_모노셀 | D28: 소재 준비 | F28: 모노셀 용 전극 타발 | G28: 양/음극 모노셀 타발
D29: 소재 준비 | F29: 양/음극 tap 닦기 | G29: tap 부분의 활물질 층 제거
D30: 모노셀 조립 | F30: 실링 후, 모노셀 수작업실 전달 | G30: 실링 후, 모노셀 수작업실 (전지동)에 전달
D31: 모노셀 조립 | F31: 모노셀 조립 | G31: 모노셀 조립
D32: 모노셀 조립 | F32: 수작업실에서 모노셀 수령 | G32: 모노셀 수작업실(전지동)에서 모노셀 수령
D33: 전해액 주액 | F33: 건조된 모노셀 실링 후, degas 장비로 이동 | G33: 건조된 모노셀 실링/ 전해액, 피펫 등 준비 후 degas 장비로 이동 (드라이룸)
D34: 전해액 주액 | F34: 전해액 주액 | G34: 건조된 모노셀에 전해액 주액
D35: wetting | F35: 전해액 wetting | G35: 진공챔버에서 10초씩 3번 vacuum 시행
D36: 실링 | F36: 모노셀 실링 | G36: degas 장비에서 모노셀 실링(진공압착), 수기로 cell number 기입
D37: 활성화 | F37: 비어있는 충방전 채널에 모노셀 체결 | G37: 충방전기 챔버로 이동 후 , 모노셀 체결
D38: 활성화 | F38: 모노셀의 활성화 공정 | G38: 10시간 상온 wetting 후, SOC 30% 충전 활성화 공정 진행
D39: degas | F39: 활성화 완료된 모노셀, degas 장비로 이동 | G39: 활성화 완료된 모노셀에 포스트잇 부착 +degas 장비(드라이룸)으로 이동
D40: degas | F40: 모노셀 부분 6-7cm로 맞추어 cutting | G40: 모노셀 부분 6cm로 맞추어 cutting
... D51: 셀평가 | F51: Data 정리 | G51: data 추출 및 정리, 그래프 그리기 등 (수명, 저장 수시 정리 필요)

Sheet 보조2-3_세부공정_실험_전구체
B3: LEVEL 0 | C3: LEVEL 1,2 | D3: LEVEL 2 | E3: LEVEL 3 | F3: LEVEL 4 | G3: LEVEL 5
B4: 실험 분류 | C4: 공정 | D4: 실험/분석법 상세 | E4: 실험 목적 | F4: Process step or SOP | G4: 상세 설명
C5: 슬러리 제작 | D5: 양극 슬러리 제작 | F5: 1차 재료 계량 | G5: 도전재+바인더 premixing 계량 (slurry 제작 전 믹서 사용하여 미리 대량 제조). 손실 방지위해 mixing통 (Nalgene bottle)에 직접 계량
F6: 2차 계량 | G6: 활물질 계량 (유선지 대신 Al foil 이용) 뒤 mixing통에 혼합 (슬러리 조성은 평가 양극재마다 상이)
F7: 고형분 맞추기 | G7: 고형분 양 고려하여 NMP 추가 투입
F8: 1차 믹싱 | G8: 슬러리 1차 혼합 (thinky mixer) (믹싱 rpm 및 시간은 평가 양극재마다 상이)
F9: 뭉친부분 풀어주기 | G9: Nalgene bottle 개봉 뒤 spatula로 휘저으며 뭉친 부분 풀어주기
F10: 2차 믹싱 | G10: 슬러리 2차 혼합 (thinky mixer)
F11: 장비 세척 및 정리 | G11: 믹싱 완료 후 장비 세척 및 정리
C12: 전극 제작 | D12: 양극 전극 제작 | F12: 소재준비 (이송) | G12: 양극 슬러리 준비
F13: 코팅 | G13: 슬러리를 Al foil 위에 도포한 후, 목표 전극무게 (~420mg/25cm2) 수준이 되도록 doctor blade gap 조절하여 코팅
F14: 건조 | G14: 코팅된 Al foil이 들뜨거나 기울어져 슬러리 로딩 불균일이 발생하지 않도록 건조과정 동안 고정 필요
F15: 장비 세척 및 정리 | G15: 사용한 코터 세척 및 정리
F16: 압연 | G16: 2cm 폭으로 전극 cutting 뒤 target porosity에 맞게 압연기 gap 조절하여 압연 2회 진행 (lab설비 기준)
F17: 장비 세척 및 정리 | G17: 사용한 압연기 세척 및 정리
C18: 셀 제작_코인셀 | D18: 소재 준비 | F18: Ni foam cutting | G18: 2~2.5cm 폭으로 Ni foam cutting
F19: Ni foam press | G19: ~250㎛ 두께로 press
F20: Ni foam 타발 | G20: Ni foam 타발
F21: Ni foam 세척/건조 | G21: 이물질 제거 등을 위해 에틸알콜+초음파 세척 및 건조 (정리 포함)
F22: 코인셀용 양/음극 타발 | G22: 코인셀용 양/음극 타발 (1소재당 코인셀 4~5개 제조)
F23: 무게 측정/기록 | G23: 타발된 전극 무게 측정 (target 무게에 젤 적합한 전극 사용), Cu foil 무게 측정
F24: 두께 측정/기록 | G24: 타발된 전극 두께 측정 (target 두께에 젤 적합한 전극 사용), Cu foil 두께 측정
F25: Li metal 타발 | G25: 글러브박스 내에 있는 Li metal 소분 -> 드라이룸으로 이동 후 타발+Ni mesh 부착
F26: 분리막 타발 | G26: 분리막타발
F27: 부품 준비 | G27: 제작할 코인셀 개수에 맞춰 코인셀용 부품 준비
D28: 코인셀 조립 | F28: 코인셀 조립_x000D_ | G28: 코인셀 조립 및 클램핑, 에틸알콜로 누액된 전해액 닦기 등
F29: 코인셀 조립 후 OCV 측정_x000D_ | G29: OCV 측정
D30: 셀평가 | F30: 비어있는 충방전 채널에 코인셀 체결 | G30: 전극 로딩을 반영하여, 0.1/0.005C에 해당하는 current 값 확인, 충방전기 챔버로 이동 후 , 코인셀 체결, 충방전 패턴 설정 및 저장
F31: 충방전 평가 진행 | G31: 30시간 상온 wetting 후, 충방전 평가 진행
F32: Data 정리 및 용량/효율 계산_x000D_ | G32: data추출 및 정리
F33: 그래프 생성 _x000D_ | G33: 오리진 프로그램으로 그래프 생성
F34: 비어있는 충방전 채널에 코인셀 체결_x000D_ | G34: 전극 로딩 반영, C-rate에 해당하는 current값 확인, 충방전기 챔버로 이동 후 , 코인셀 체결, 충방전 패턴 설정 및 저장
F35: Rate 별 평가 | G35: rate 별 충/방전 평가 진행
F36: Data 정리_x000D_ | G36: data추출 및 정리
F37: 그래프 생성_x000D_ | G37: 오리진 프로그램으로 그래프 생성
C38: 셀 제작_모노셀 | D38: 소재 준비 | F38: 모노셀 용 전극 타발 | G38: 양/음극 모노셀 타발
F39: 양/음극 tap 닦기 | G39: tap 부분의 활물질 층 제거
F40: 전극 V/D 챔버로 이동 | G40: Al foil로 감싼 후 드라이룸 내의 V/D 챔버로 이동
F41: 전극 건조 | G41: V/D 챔버에서 130℃ 진공상태에서 8시간동안 전극 건조
D42: 모노셀 조립 | F42: 실링 후, 모노셀 수작업실 전달 | G42: 실링 후, 모노셀 수작업실 (전지동)에 전달
F43: 모노셀 조립 | G43: 모노셀 조립
F44: 수작업실에서 모노셀 수령 | G44: 모노셀 수작업실(전지동)에서 모노셀 수령 후 건조 오븐에 투입
F45: 모노셀 건조 | G45: 55~60℃ 챔버에서 1~2일 이상 건조
D46: 전해액 주액 | F46: 건조된 모노셀 실링 후, degas 장비로 이동 | G46: 건조된 모노셀 실링/ 전해액, 피펫 등 준비 후 degas 장비로 이동 (드라이룸)
F47: 건조된 모노셀에 전해질을 주액하는 공정_x000D_ | G47: 건조된 모노셀에 전해액 주액
D48: wetting | F48: 전해액 wetting | G48: 진공챔버에서 30초씩 2번 vacuum 시행
D49: 실링 | F49: 모노셀 실링 | G49: degas 장비에서 모노셀 실링(진공압착), 수기로 cell number 기입
D50: lamination | F50: lamination | G50: lamination 1회 진행 (60~130도, 5~300초)
D51: 활성화 | F51: 비어있는 충방전 채널에 모노셀 체결 | G51: 충방전기 챔버로 이동 후 , 모노셀 체결
F52: 모노셀의 활성화 공정 | G52: 12시간 이상 상온/고온 wetting 후, 3hr 충전 후 24시간 대기
F53: 활성화 Data 정리_x000D_ | G53: data추출 및 정리
D54: degas | F54: 활성화 완료된 모노셀, degas 장비로 이동 | G54: 활성화 완료된 모노셀에 포스트잇 부착 +degas 장비(드라이룸)으로 이동
F55: 모노셀 부분 6cm로 맞추어 cutting | G55: 모노셀 부분 6cm로 맞추어 cutting
F56: 모노셀 resealing | G56: degas 장비에서 모노셀 re-실링(진공압착)
D57: aging | F57: 모노셀 aging | G57: 3일동안 45~70도 aging
D58: 고온 press | F58: 고온 press | G58: 100도 이상에서 5~300초 press
D59: 지그체결 | F59: zig 체결 | G59: 지그 체결 (우레탄폼 cutting 포함)
D60: 셀평가 | F60: 비어있는 충방전 채널에 모노셀 체결 | G60: 충방전기 챔버로 이동 후, 지그에 모노셀 체결 및 충방전 패턴 설정 등 측정 준비
F61: 모노셀 용량 및 (LT)HPPC 평가 | G61: 모노셀 용량 및 (LT)HPPC 평가 진행
F62: Data 정리 | G62: data 추출 및 정리
F63: 추가 평가를 위한 셀 선별 _x000D_ | G63: 저항 유사한 순으로 셀 선별
F64: 충방전 채널에 모노셀 체결 (저/상/고온수명/고온저장 각각) | G64: 선별된 셀을 각각 상온/고온 충방전 챔버에 체결 및 충방전 패턴 설정/저장 설정, 고온 저장용 셀은 충전 후 별도 챔버에 보관 (HPPC 후 초기)
F65: 충방전 채널에 모노셀 체결 (저/상/고온수명/고온저장 각각) | G65: cycle 및 storage RPT 측정을 위한 cell 이동 체결/충방전 패턴 설정
F66: 셀 평가 (상온수명) | G66: 선별된 셀을 상온수명 평가 진행 (~600cyc., 100cyc마다 저항 측정)
F67: 셀 평가 (저온수명) | G67: 선별된 셀을 저온수명 평가 진행 (-20도,~600cyc.)
G68: 상온챔버로 옮긴 후 100cyc마다 저항 측정
F69: 셀 평가 (고온수명) | G69: 선별된 셀을 고온수명 평가 진행 (~600cyc.)
G70: 상온챔버로 옮긴 후 100cyc마다 저항 측정
F71: 셀 평가 (양극의 가스발생량 평가) | G71: 0주차 무게 측정 (공기중/수중 무게 각각 측정). 60도 챔버에서 보관 뒤 1주/2주/4주/8주/12주 차에 꺼내 동일하게 측정 뒤 부피변화 계산
F72: 셀 평가 (고온저장) | G72: 선별된 셀을 고온 저장 평가 진행 (60~75℃챔버 보관 후 1w, 2w, 4w, 6w, 8w 마다 저항 측정)
F73: Data 정리 | G73: data 추출 및 정리, 그래프 그리기 등 (수명, 저장 수시 정리 필요)
D74: swelling 평가 | F74: 지그 체결 | G74: 초기 두께 측정용 지그 체결
F75: 초기 두께 측정 | G75: 초기 두께 측정 및 기록
F76: swelling 평가용 지그 체결 | G76: swelling 평가용 지그 체결
F77: 비어 있는 채널에 셀 체결 | G77: 비어 있는 채널에 셀 체결 및 data 로거/SPC 케이블 연결, 충방전 패턴 설정 등
F78: in-situ swelling 평가 | G78: 0.1C 2 cycle, 1C 300 Cycle 진행하며 in-situ sweling 평가
F79: Data 정리 | G79: data 정리
C81: 전구체 팀 특수 실험
C82: 셀 실험_가스평가 | D82: 셀 제작_가스평가 | F82: 샘플 분리 | G82: 모노셀 분해하여 양극+분리막 분리
F83: 샘플 이물 제거 | G83: DMC로 세척 및 면봉 이용해 이물 제거
F84: 파우치를 이용해 샘플 제조 | G84: 양극+분리막 2개씩 포개어 모노셀 파우치에 삽입
F85: 건조 | G85: 60도 진공오븐에서 1시간 건조
F86: 전해액 주액 | G86: 전해액 400uL 주액
F87: 진공압착 | G87: degas 장비에서 진공압착
F88: 샘플 제조 완료 | G88: 실링된 부분 맞추어 cutting
D89: 셀 _가스발생 평가 | F89: 샘플 무게 측정 | G89: 0주차 무게 측정 (공기중/수중 무게 각각 측정). 60도 챔버에서 보관 뒤 1주/2주/4주/8주/12주 차에 꺼내 동일하게 측정 뒤 부피변화 계산
F90: 셀 평가 및 Data 정리_x000D_ | G90: 셀 평가 및 Data 정리_x000D_

Sheet 보조2-4_세부공정_실험_양극재선행
B3: LEVEL 0 | C3: LEVEL 1,2 | D3: LEVEL 2 | E3: LEVEL 3 | F3: LEVEL 4 | G3: LEVEL 5
B4: 실험 분류 | C4: 공정 | D4: 실험/분석법 상세 | E4: 실험 목적 | F4: Process step or SOP | G4: 상세 설명
C5: 슬러리 제작 | D5: 양극 슬러리 제작 | F5: 1차 재료 계량 | G5: 도전재+바인더 premixing 계량 (slurry 제작 전 믹서 사용하여 미리 대량 제조). 손실 방지위해 mixing통 (Nalgene bottle)에 직접 계량
F6: 2차 계량 | G6: 활물질 계량 (유선지 대신 Al foil 이용) 뒤 mixing통에 혼합 (슬러리 조성은 평가 양극재마다 상이)
F7: 고형분 맞추기 | G7: 고형분 양 고려하여 NMP 추가 투입
F8: 1차 믹싱 | G8: 슬러리 1차 혼합 (thinky mixer) (믹싱 rpm 및 시간은 평가 양극재마다 상이)
F9: 뭉친부분 풀어주기 | G9: Nalgene bottle 개봉 뒤 spatula로 휘저으며 뭉친 부분 풀어주기
F10: 2차 믹싱 | G10: 슬러리 2차 혼합 (thinky mixer)
F11: 장비 세척 및 정리 | G11: 믹싱 완료 후 장비 세척 및 정리
C12: 전극 제작 | D12: 양극 전극 제작 | F12: 소재준비 (이송) | G12: 양극 슬러리 준비
F13: 코팅 | G13: 슬러리를 Al foil 위에 도포한 후, 목표 전극무게 (~420mg/25cm2) 수준이 되도록 doctor blade gap 조절하여 코팅
F14: 건조 | G14: 코팅된 Al foil이 들뜨거나 기울어져 슬러리 로딩 불균일이 발생하지 않도록 건조과정 동안 고정 필요
F15: 장비 세척 및 정리 | G15: 사용한 코터 세척 및 정리
F16: 압연 | G16: 2cm 폭으로 전극 cutting 뒤 target porosity에 맞게 압연기 gap 조절하여 압연 2회 진행 (lab설비 기준)
F17: 장비 세척 및 정리 | G17: 사용한 압연기 세척 및 정리
C18: 셀 제작_코인셀 | D18: 소재 준비 | F18: Ni foam cutting | G18: 2~2.5cm 폭으로 Ni foam cutting
F19: Ni foam press | G19: ~250㎛ 두께로 press
F20: Ni foam 타발 | G20: Ni foam 타발
F21: Ni foam 세척/건조 | G21: 이물질 제거 등을 위해 에틸알콜+초음파 세척 및 건조 (정리 포함)
F22: 코인셀용 양/음극 타발 | G22: 코인셀용 양/음극 타발 (1소재당 코인셀 4~5개 제조)
F23: 무게 측정/기록 | G23: 타발된 전극 무게 측정 (target 무게에 젤 적합한 전극 사용), Cu foil 무게 측정
F24: 두께 측정/기록 | G24: 타발된 전극 두께 측정 (target 두께에 젤 적합한 전극 사용), Cu foil 두께 측정
F25: Li metal 타발 | G25: 글러브박스 내에 있는 Li metal 소분 -> 드라이룸으로 이동 후 타발+Ni mesh 부착
F26: 분리막 타발 | G26: 분리막타발
F27: 부품 준비 | G27: 제작할 코인셀 개수에 맞춰 코인셀용 부품 준비
D28: 코인셀 조립 | F28: 코인셀 조립_x000D_ | G28: 코인셀 조립 및 클램핑, 에틸알콜로 누액된 전해액 닦기 등
F29: 코인셀 조립 후 OCV 측정_x000D_ | G29: OCV 측정
D30: 셀평가 | F30: 비어있는 충방전 채널에 코인셀 체결 | G30: 전극 로딩을 반영하여, 0.1/0.005C에 해당하는 current 값 확인, 충방전기 챔버로 이동 후 , 코인셀 체결, 충방전 패턴 설정 및 저장
F31: 충방전 평가 진행 | G31: 30시간 상온 wetting 후, 충방전 평가 진행
F32: Data 정리 및 용량/효율 계산_x000D_ | G32: data추출 및 정리
F33: 그래프 생성 _x000D_ | G33: 오리진 프로그램으로 그래프 생성
F34: 비어있는 충방전 채널에 코인셀 체결_x000D_ | G34: 전극 로딩 반영, C-rate에 해당하는 current값 확인, 충방전기 챔버로 이동 후 , 코인셀 체결, 충방전 패턴 설정 및 저장
F35: Rate 별 평가 | G35: rate 별 충/방전 평가 진행
F36: Data 정리_x000D_ | G36: data추출 및 정리
F37: 그래프 생성_x000D_ | G37: 오리진 프로그램으로 그래프 생성
C38: 셀 제작_모노셀 | D38: 소재 준비 | F38: 모노셀 용 전극 타발 | G38: 양/음극 모노셀 타발
F39: 양/음극 tap 닦기 | G39: tap 부분의 활물질 층 제거
F40: 전극 V/D 챔버로 이동 | G40: Al foil로 감싼 후 드라이룸 내의 V/D 챔버로 이동
F41: 전극 건조 | G41: V/D 챔버에서 130℃ 진공상태에서 8시간동안 전극 건조
D42: 모노셀 조립 | F42: 실링 후, 모노셀 수작업실 전달 | G42: 실링 후, 모노셀 수작업실 (전지동)에 전달
F43: 모노셀 조립 | G43: 모노셀 조립
F44: 수작업실에서 모노셀 수령 | G44: 모노셀 수작업실(전지동)에서 모노셀 수령 후 건조 오븐에 투입
F45: 모노셀 건조 | G45: 55~60℃ 챔버에서 1~2일 이상 건조
D46: 전해액 주액 | F46: 건조된 모노셀 실링 후, degas 장비로 이동 | G46: 건조된 모노셀 실링/ 전해액, 피펫 등 준비 후 degas 장비로 이동 (드라이룸)
F47: 건조된 모노셀에 전해질을 주액하는 공정_x000D_ | G47: 건조된 모노셀에 전해액 주액
D48: wetting | F48: 전해액 wetting | G48: 진공챔버에서 30초씩 2번 vacuum 시행
D49: 실링 | F49: 모노셀 실링 | G49: degas 장비에서 모노셀 실링(진공압착), 수기로 cell number 기입
D50: lamination | F50: lamination | G50: lamination 1회 진행 (60~130도, 5~300초)
D51: 활성화 | F51: 비어있는 충방전 채널에 모노셀 체결 | G51: 충방전기 챔버로 이동 후 , 모노셀 체결
F52: 모노셀의 활성화 공정 | G52: 12시간 이상 상온/고온 wetting 후, 3hr 충전 후 24시간 대기
F53: 활성화 Data 정리_x000D_ | G53: data추출 및 정리
D54: degas | F54: 활성화 완료된 모노셀, degas 장비로 이동 | G54: 활성화 완료된 모노셀에 포스트잇 부착 +degas 장비(드라이룸)으로 이동
F55: 모노셀 부분 6cm로 맞추어 cutting | G55: 모노셀 부분 6cm로 맞추어 cutting
F56: 모노셀 resealing | G56: degas 장비에서 모노셀 re-실링(진공압착)
D57: aging | F57: 모노셀 aging | G57: 3일동안 45~70도 aging
D58: 고온 press | F58: 고온 press | G58: 100도 이상에서 5~300초 press
D59: 지그체결 | F59: zig 체결 | G59: 지그 체결 (우레탄폼 cutting 포함)
D60: 셀평가 | F60: 비어있는 충방전 채널에 모노셀 체결 | G60: 충방전기 챔버로 이동 후, 지그에 모노셀 체결 및 충방전 패턴 설정 등 측정 준비
F61: 모노셀 용량 및 (LT)HPPC 평가 | G61: 모노셀 용량 및 (LT)HPPC 평가 진행
F62: Data 정리 | G62: data 추출 및 정리
F63: 추가 평가를 위한 셀 선별 _x000D_ | G63: 저항 유사한 순으로 셀 선별
F64: 충방전 채널에 모노셀 체결 (저/상/고온수명/고온저장 각각) | G64: 선별된 셀을 각각 상온/고온 충방전 챔버에 체결 및 충방전 패턴 설정/저장 설정, 고온 저장용 셀은 충전 후 별도 챔버에 보관 (HPPC 후 초기)
F65: 충방전 채널에 모노셀 체결 (저/상/고온수명/고온저장 각각) | G65: cycle 및 storage RPT 측정을 위한 cell 이동 체결/충방전 패턴 설정
F66: 셀 평가 (상온수명) | G66: 선별된 셀을 상온수명 평가 진행 (~600cyc., 100cyc마다 저항 측정)
F67: 셀 평가 (저온수명) | G67: 선별된 셀을 저온수명 평가 진행 (-20도,~600cyc.)
G68: 상온챔버로 옮긴 후 100cyc마다 저항 측정
F69: 셀 평가 (고온수명) | G69: 선별된 셀을 고온수명 평가 진행 (~600cyc.)
G70: 상온챔버로 옮긴 후 100cyc마다 저항 측정
F71: 셀 평가 (양극의 가스발생량 평가) | G71: 0주차 무게 측정 (공기중/수중 무게 각각 측정). 60도 챔버에서 보관 뒤 1주/2주/4주/8주/12주 차에 꺼내 동일하게 측정 뒤 부피변화 계산
F72: 셀 평가 (고온저장) | G72: 선별된 셀을 고온 저장 평가 진행 (60~75℃챔버 보관 후 1w, 2w, 4w, 6w, 8w 마다 저항 측정)
F73: Data 정리 | G73: data 추출 및 정리, 그래프 그리기 등 (수명, 저장 수시 정리 필요)
D74: swelling 평가 | F74: 지그 체결 | G74: 초기 두께 측정용 지그 체결
F75: 초기 두께 측정 | G75: 초기 두께 측정 및 기록
F76: swelling 평가용 지그 체결 | G76: swelling 평가용 지그 체결
F77: 비어 있는 채널에 셀 체결 | G77: 비어 있는 채널에 셀 체결 및 data 로거/SPC 케이블 연결, 충방전 패턴 설정 등
F78: in-situ swelling 평가 | G78: 0.1C 2 cycle, 1C 300 Cycle 진행하며 in-situ sweling 평가
F79: Data 정리 | G79: data 정리
C81: 양극재선행 팀 특수 실험
C82: 셀 실험_가스평가 | D82: 셀 제작_가스평가 | F82: 샘플 분리 | G82: 모노셀 분해하여 양극+분리막 분리
F83: 샘플 이물 제거 | G83: DMC로 세척 및 면봉 이용해 이물 제거
F84: 파우치를 이용해 샘플 제조 | G84: 양극+분리막 2개씩 포개어 모노셀 파우치에 삽입
F85: 건조 | G85: 60도 진공오븐에서 1시간 건조
F86: 전해액 주액 | G86: 전해액 400uL 주액
F87: 진공압착 | G87: degas 장비에서 진공압착
F88: 샘플 제조 완료 | G88: 실링된 부분 맞추어 cutting
D89: 셀 _가스발생 평가 | F89: 샘플 무게 측정 | G89: 0주차 무게 측정 (공기중/수중 무게 각각 측정). 60도 챔버에서 보관 뒤 1주/2주/4주/8주/12주 차에 꺼내 동일하게 측정 뒤 부피변화 계산
F90: 셀 평가 및 Data 정리_x000D_ | G90: 셀 평가 및 Data 정리_x000D_
C91: 셀 실험_전고체 | D91: 전고체전지용 지그하프셀 제작 | F91: 샘플 1차 믹싱 | G91: 양극 활물질과 고체전해질 믹싱
F92: 2차 계량 및 믹싱 | G92: 위 혼합물에 도전재 투입하여 도전재까지 믹싱 (이 단계까지 완료된 샘플을 복합 양극으로 명명)
F93: 샘플 1차 압연 | G93: 지그하프셀용 지그 몰드에 복합 양극 넣고 press
F94: 샘플 전해질 추가 후 압연 | G94: 분리막용 전해질 투입하여 press
F95: 최종 샘플 지그 체결 | G95: Li metal, sus 투입 후 지그 체결
D96: 지그하프셀 평가 | F96: 충방전 평가 진행 (0.1C 충/방 1회 측정) | G96: 지그하프셀 체결 및 충방전 평가 진행 (0.1C 충/방 1회 측정) (전압 범위 및 온도는 평가 목적에 따라 상이)
F97: Data 추출 및 정리 | G97: 충전, 방전 용량 데이터 추출하여 정리
F98: 초기 용량 측정 후 Rate 측정 | G98: 0.33C. 0.5C. 1.0C Rate로 방전하여 rate capability 측정
F99: Data 추출 및 정리 | G99: Data 정리, 그래프 생성

Sheet 보조2-5_세부공정_실험_음극재
B3: LEVEL 0 | C3: LEVEL 1,2 | D3: LEVEL 2 | E3: LEVEL 3 | F3: LEVEL 4 | G3: LEVEL 5
B4: 실험 분류 | C4: 공정 | D4: 실험/분석법 상세 | E4: 실험 목적 | F4: Process step or SOP | G4: 상세 설명
C5: 슬러리 제작 | D5: 양극 슬러리 제작 | F5: 1차 재료 계량 | G5: 도전재+바인더 premixing 계량 (slurry 제작 전 믹서 사용하여 미리 대량 제조). 손실 방지위해 mixing통 (Nalgene bottle)에 직접 계량
F6: 2차 계량 | G6: 활물질 계량 (유선지 대신 Al foil 이용) 뒤 mixing통에 혼합 (슬러리 조성은 평가 양극재마다 상이)
F7: 고형분 맞추기 | G7: 고형분 양 고려하여 NMP 추가 투입
F8: 1차 믹싱 | G8: 슬러리 1차 혼합 (thinky mixer) (믹싱 rpm 및 시간은 평가 양극재마다 상이)
F9: 뭉친부분 풀어주기 | G9: Nalgene bottle 개봉 뒤 spatula로 휘저으며 뭉친 부분 풀어주기
F10: 2차 믹싱 | G10: 슬러리 2차 혼합 (thinky mixer)
F11: 장비 세척 및 정리 | G11: 믹싱 완료 후 장비 세척 및 정리
D12: 음극 슬러리 제작 (코인셀용_음극재1팀) | F12: 소재 준비 | G12: 흑연 및 Si계 활물질, Super C, 바인더, DI water 준비 | H12: 음극재 1팀 특수실험
F13: 슬러리 믹싱 | G13: ZrO2 ball 포함/Step별 mixing을 통한 슬러리 제조 | H13: 음극재 1팀 특수실험
F14: 장비 세척 및 정리 | G14: 믹싱 완료 후 장비 세척 및 정리 | H14: 음극재 1팀 특수실험
D15: 음극 슬러리 제작 | F15: 소재준비 | G15: 흑연 및 Si계 활물질, Super C, 바인더, DI water 준비
F16: 1차 슬러리 믹싱 | G16: PE bottle에 도전재(Super C65), CMC (Daicel2200 1.5%), 물 계량 후 homodisper로 분산
F17: 2차 슬러리 믹싱 | G17: 드라이룸에서 Si 시료 소분, TK 전용 믹서용기에 활물질 (흑연: Si계 혼합)+Super C 분산액, DI water 투입 후 고점도 mixing
F18: 3차 슬러리 믹싱 | G18: SWCNT 추가 투입하여 TK mixer에서 20분 믹싱 --> CMC 추가 투입 후 TK mixer 5min -> homodisper로 옮겨 25분 추가 분산
F19: 4차 슬러리 믹싱 | G19: 바인더 및 물 투입후 10분 추가 분산
F20: 장비 세척 및 정리 | G20: 믹싱 완료 후 장비 세척 및 정리
C21: 전극 제작 | D21: 양극 전극 제작 | F21: 소재준비 (이송) | G21: 양극 슬러리 준비
F22: 코팅 | G22: 슬러리를 Al foil 위에 도포한 후, 목표 전극무게 (~420mg/25cm2) 수준이 되도록 doctor blade gap 조절하여 코팅
F23: 건조 | G23: 코팅된 Al foil이 들뜨거나 기울어져 슬러리 로딩 불균일이 발생하지 않도록 건조과정 동안 고정 필요
F24: 장비 세척 및 정리 | G24: 사용한 코터 세척 및 정리
F25: 압연 | G25: 2cm 폭으로 전극 cutting 뒤 target porosity에 맞게 압연기 gap 조절하여 압연 2회 진행 (lab설비 기준)
F26: 장비 세척 및 정리 | G26: 사용한 압연기 세척 및 정리
D27: 음극 전극 제작 (코인셀용_음극재1팀) | F27: 소재 준비 | G27: 음극 슬러리 준비 | H27: 음극재 1팀 특수실험
F28: 코팅 | G28: foil frame에 Cu foil을 끼운 후, coater에 장착, gap 조절이 필요한 경우, 조절 후 Knife 장착, 슬러리 도포 후 코팅 시작 | H28: 음극재 1팀 특수실험
F29: 건조 | G29: foil frame에서 코팅 전극 제거 후 건조 챔버에 투입하여 60도 30분 이상 건조 | H29: 음극재 1팀 특수실험
F30: 장비 세척 및 정리 | G30: 사용한 코터 세척 및 정리 | H30: 음극재 1팀 특수실험
F31: 압연 | G31: 3cm 폭으로 전극 cutting 뒤 target porosity에 맞게 압연기 gap 조절하여 압연 진행 | H31: 음극재 1팀 특수실험
F32: 장비 세척 및 정리 | G32: 사용한 압연기 세척 및 정리 | H32: 음극재 1팀 특수실험
D33: 음극 전극 제작 | F33: 소재 준비 | G33: 음극 슬러리 준비
F34: 코팅 및 건조 | G34: 코팅룸 이동, 코터 On -> 건조하고자 하는 온도 및 코터속도 setting -> 코팅 준비 (슬러리 투입 및 폭에 맞춰 댐 setting) (목표 온도 도달까지 대기 시간 포함) ->슬러리 투입 후 코팅 gap 조절 -> 건조되어 나온 코팅 전극 무게 확인 (무게 로딩이 맞지 않는다면 gap 조절 반복) -> target 로딩에서 필요한 양만큼 전극 코팅 진행
F35: 장비 세척 및 정리 | G35: 사용한 코터 세척 및 정리
F36: 압연 | G36: 3-7cm 폭으로 전극 cutting 뒤 target porosity에 맞게 압연기 gap 조절하여 압연 진행
F37: 장비 세척 및 정리 | G37: 사용한 압연기 세척 및 정리
C38: 셀 제작_코인셀 | D38: 소재 준비 | F38: Ni foam cutting | G38: 2~2.5cm 폭으로 Ni foam cutting
F39: Ni foam press | G39: ~250㎛ 두께로 press
F40: Ni foam 타발 | G40: Ni foam 타발
F41: Ni foam 세척/건조 | G41: 이물질 제거 등을 위해 에틸알콜+초음파 세척 및 건조 (정리 포함)
F42: 코인셀용 양/음극 타발 | G42: 코인셀용 양/음극 타발 (1소재당 코인셀 4~5개 제조)
F43: 무게 측정/기록 | G43: 타발된 전극 무게 측정 (target 무게에 젤 적합한 전극 사용), Cu foil 무게 측정
F44: 두께 측정/기록 | G44: 타발된 전극 두께 측정 (target 두께에 젤 적합한 전극 사용), Cu foil 두께 측정
F45: Li metal 타발 | G45: 글러브박스 내에 있는 Li metal 소분 -> 드라이룸으로 이동 후 타발+Ni mesh 부착
F46: 분리막 타발 | G46: 분리막타발
F47: 부품 준비 | G47: 제작할 코인셀 개수에 맞춰 코인셀용 부품 준비
D48: 코인셀 조립 | F48: 코인셀 조립_x000D_ | G48: 코인셀 조립 및 클램핑, 에틸알콜로 누액된 전해액 닦기 등
F49: 코인셀 조립 후 OCV 측정_x000D_ | G49: OCV 측정
D50: 셀평가 | F50: 비어있는 충방전 채널에 코인셀 체결 | G50: 전극 로딩을 반영하여, 0.1/0.005C에 해당하는 current 값 확인, 충방전기 챔버로 이동 후 , 코인셀 체결, 충방전 패턴 설정 및 저장
F51: 충방전 평가 진행 | G51: 30시간 상온 wetting 후, 충방전 평가 진행
F52: Data 정리 및 용량/효율 계산_x000D_ | G52: data추출 및 정리
F53: 그래프 생성 _x000D_ | G53: 오리진 프로그램으로 그래프 생성
F54: 비어있는 충방전 채널에 코인셀 체결_x000D_ | G54: 전극 로딩 반영, C-rate에 해당하는 current값 확인, 충방전기 챔버로 이동 후 , 코인셀 체결, 충방전 패턴 설정 및 저장
F55: Rate 별 평가 | G55: rate 별 충/방전 평가 진행
F56: Data 정리_x000D_ | G56: data추출 및 정리
F57: 그래프 생성_x000D_ | G57: 오리진 프로그램으로 그래프 생성
C58: 셀 제작_모노셀 | D58: 소재 준비 | F58: 모노셀 용 전극 타발 | G58: 양/음극 모노셀 타발
F59: 양/음극 tap 닦기 | G59: tap 부분의 활물질 층 제거
F60: 전극 V/D 챔버로 이동 | G60: Al foil로 감싼 후 드라이룸 내의 V/D 챔버로 이동
F61: 전극 건조 | G61: V/D 챔버에서 130℃ 진공상태에서 8시간동안 전극 건조
D62: 모노셀 조립 | F62: 실링 후, 모노셀 수작업실 전달 | G62: 실링 후, 모노셀 수작업실 (전지동)에 전달
F63: 모노셀 조립 | G63: 모노셀 조립
F64: 수작업실에서 모노셀 수령 | G64: 모노셀 수작업실(전지동)에서 모노셀 수령 후 건조 오븐에 투입
F65: 모노셀 건조 | G65: 55~60℃ 챔버에서 1~2일 이상 건조
D66: 전해액 주액 | F66: 건조된 모노셀 실링 후, degas 장비로 이동 | G66: 건조된 모노셀 실링/ 전해액, 피펫 등 준비 후 degas 장비로 이동 (드라이룸)
F67: 건조된 모노셀에 전해질을 주액하는 공정_x000D_ | G67: 건조된 모노셀에 전해액 주액
D68: wetting | F68: 전해액 wetting | G68: 진공챔버에서 30초씩 2번 vacuum 시행
D69: 실링 | F69: 모노셀 실링 | G69: degas 장비에서 모노셀 실링(진공압착), 수기로 cell number 기입
D70: lamination | F70: lamination | G70: lamination 1회 진행 (60~130도, 5~300초)
D71: 활성화 | F71: 비어있는 충방전 채널에 모노셀 체결 | G71: 충방전기 챔버로 이동 후 , 모노셀 체결
F72: 모노셀의 활성화 공정 | G72: 12시간 이상 상온/고온 wetting 후, 3hr 충전 후 24시간 대기
F73: 활성화 Data 정리_x000D_ | G73: data추출 및 정리
D74: degas | F74: 활성화 완료된 모노셀, degas 장비로 이동 | G74: 활성화 완료된 모노셀에 포스트잇 부착 +degas 장비(드라이룸)으로 이동
F75: 모노셀 부분 6cm로 맞추어 cutting | G75: 모노셀 부분 6cm로 맞추어 cutting
F76: 모노셀 resealing | G76: degas 장비에서 모노셀 re-실링(진공압착)
D77: aging | F77: 모노셀 aging | G77: 3일동안 45~70도 aging
D78: 고온 press | F78: 고온 press | G78: 100도 이상에서 5~300초 press
D79: 지그체결 | F79: zig 체결 | G79: 지그 체결 (우레탄폼 cutting 포함)
D80: 셀평가 | F80: 비어있는 충방전 채널에 모노셀 체결 | G80: 충방전기 챔버로 이동 후, 지그에 모노셀 체결 및 충방전 패턴 설정 등 측정 준비
F81: 모노셀 용량 및 (LT)HPPC 평가 | G81: 모노셀 용량 및 (LT)HPPC 평가 진행
F82: Data 정리 | G82: data 추출 및 정리
F83: 추가 평가를 위한 셀 선별 _x000D_ | G83: 저항 유사한 순으로 셀 선별
F84: 충방전 채널에 모노셀 체결 (저/상/고온수명/고온저장 각각) | G84: 선별된 셀을 각각 상온/고온 충방전 챔버에 체결 및 충방전 패턴 설정/저장 설정, 고온 저장용 셀은 충전 후 별도 챔버에 보관 (HPPC 후 초기)
F85: 충방전 채널에 모노셀 체결 (저/상/고온수명/고온저장 각각) | G85: cycle 및 storage RPT 측정을 위한 cell 이동 체결/충방전 패턴 설정
F86: 셀 평가 (상온수명) | G86: 선별된 셀을 상온수명 평가 진행 (~600cyc., 100cyc마다 저항 측정)
F87: 셀 평가 (저온수명) | G87: 선별된 셀을 저온수명 평가 진행 (-20도,~600cyc.)
G88: 상온챔버로 옮긴 후 100cyc마다 저항 측정
F89: 셀 평가 (고온수명) | G89: 선별된 셀을 고온수명 평가 진행 (~600cyc.)
G90: 상온챔버로 옮긴 후 100cyc마다 저항 측정
F91: 셀 평가 (고온저장) | G91: 선별된 셀을 고온 저장 평가 진행 (60~75℃챔버 보관 후 1w, 2w, 4w, 6w, 8w 마다 저항 측정)
F92: Data 정리 | G92: data 추출 및 정리, 그래프 그리기 등 (수명, 저장 수시 정리 필요)
D93: swelling 평가 | F93: 지그 체결 | G93: 초기 두께 측정용 지그 체결
F94: 초기 두께 측정 | G94: 초기 두께 측정 및 기록
F95: swelling 평가용 지그 체결 | G95: swelling 평가용 지그 체결
F96: 비어 있는 채널에 셀 체결 | G96: 비어 있는 채널에 셀 체결 및 data 로거/SPC 케이블 연결, 충방전 패턴 설정 등
F97: in-situ swelling 평가 | G97: 0.1C 2 cycle, 1C 300 Cycle 진행하며 in-situ sweling 평가
F98: Data 정리 | G98: data 정리

Sheet 보조2-6_세부공정_실험_전해질
B3: LEVEL 0 | C3: LEVEL 1,2 | D3: LEVEL 2 | E3: LEVEL 3 | F3: LEVEL 4 | G3: LEVEL 5
B4: 실험 분류 | C4: 공정 | D4: 실험/분석법 상세 | E4: 실험 목적 | F4: Process step or SOP | G4: 상세 설명
C5: 셀 제작_코인셀 | D5: 소재 준비 | F5: Ni foam cutting | G5: 2~2.5cm 폭으로 Ni foam cutting
F6: Ni foam press | G6: ~250㎛ 두께로 press
F7: Ni foam 타발 | G7: Ni foam 타발
F8: Ni foam 세척/건조 | G8: 이물질 제거 등을 위해 에틸알콜+초음파 세척 및 건조 (정리 포함)
F9: 코인셀용 양/음극 타발 | G9: 코인셀용 양/음극 타발 (1소재당 코인셀 4~5개 제조)
F10: 무게 측정/기록 | G10: 타발된 전극 무게 측정 (target 무게에 젤 적합한 전극 사용), Cu foil 무게 측정
F11: 두께 측정/기록 | G11: 타발된 전극 두께 측정 (target 두께에 젤 적합한 전극 사용), Cu foil 두께 측정
F12: Li metal 타발 | G12: 글러브박스 내에 있는 Li metal 소분 -> 드라이룸으로 이동 후 타발+Ni mesh 부착
F13: 분리막 타발 | G13: 분리막타발
F14: 부품 준비 | G14: 제작할 코인셀 개수에 맞춰 코인셀용 부품 준비
D15: 코인셀 조립 | F15: 코인셀 조립_x000D_ | G15: 코인셀 조립 및 클램핑, 에틸알콜로 누액된 전해액 닦기 등
F16: 코인셀 조립 후 OCV 측정_x000D_ | G16: OCV 측정
D17: 셀평가 | F17: 비어있는 충방전 채널에 코인셀 체결 | G17: 전극 로딩을 반영하여, 0.1/0.005C에 해당하는 current 값 확인, 충방전기 챔버로 이동 후 , 코인셀 체결, 충방전 패턴 설정 및 저장
F18: 충방전 평가 진행 | G18: 30시간 상온 wetting 후, 충방전 평가 진행
F19: Data 정리 및 용량/효율 계산_x000D_ | G19: data추출 및 정리
F20: 그래프 생성 _x000D_ | G20: 오리진 프로그램으로 그래프 생성
F21: 비어있는 충방전 채널에 코인셀 체결_x000D_ | G21: 전극 로딩 반영, C-rate에 해당하는 current값 확인, 충방전기 챔버로 이동 후 , 코인셀 체결, 충방전 패턴 설정 및 저장
F22: Rate 별 평가 | G22: rate 별 충/방전 평가 진행
F23: Data 정리_x000D_ | G23: data추출 및 정리
F24: 그래프 생성_x000D_ | G24: 오리진 프로그램으로 그래프 생성
C25: 셀 제작_모노셀 | D25: 소재 준비 | F25: 모노셀 용 전극 타발 | G25: 양/음극 모노셀 타발
F26: 양/음극 tap 닦기 | G26: tap 부분의 활물질 층 제거
F27: 전극 V/D 챔버로 이동 | G27: Al foil로 감싼 후 드라이룸 내의 V/D 챔버로 이동
F28: 전극 건조 | G28: V/D 챔버에서 130℃ 진공상태에서 8시간동안 전극 건조
D29: 모노셀 조립 | F29: 실링 후, 모노셀 수작업실 전달 | G29: 실링 후, 모노셀 수작업실 (전지동)에 전달
F30: 모노셀 조립 | G30: 모노셀 조립
F31: 수작업실에서 모노셀 수령 | G31: 모노셀 수작업실(전지동)에서 모노셀 수령 후 건조 오븐에 투입
F32: 모노셀 건조 | G32: 55~60℃ 챔버에서 1~2일 이상 건조
D33: 전해액 주액 | F33: 건조된 모노셀 실링 후, degas 장비로 이동 | G33: 건조된 모노셀 실링/ 전해액, 피펫 등 준비 후 degas 장비로 이동 (드라이룸)
F34: 건조된 모노셀에 전해질을 주액하는 공정_x000D_ | G34: 건조된 모노셀에 전해액 주액
D35: wetting | F35: 전해액 wetting | G35: 진공챔버에서 30초씩 2번 vacuum 시행
D36: 실링 | F36: 모노셀 실링 | G36: degas 장비에서 모노셀 실링(진공압착), 수기로 cell number 기입
D37: lamination | F37: lamination | G37: lamination 1회 진행 (60~130도, 5~300초)
D38: 활성화 | F38: 비어있는 충방전 채널에 모노셀 체결 | G38: 충방전기 챔버로 이동 후 , 모노셀 체결
F39: 모노셀의 활성화 공정 | G39: 12시간 이상 상온/고온 wetting 후, 3hr 충전 후 24시간 대기
F40: 활성화 Data 정리_x000D_ | G40: data추출 및 정리
D41: degas | F41: 활성화 완료된 모노셀, degas 장비로 이동 | G41: 활성화 완료된 모노셀에 포스트잇 부착 +degas 장비(드라이룸)으로 이동
F42: 모노셀 부분 6cm로 맞추어 cutting | G42: 모노셀 부분 6cm로 맞추어 cutting
F43: 모노셀 resealing | G43: degas 장비에서 모노셀 re-실링(진공압착)
D44: aging | F44: 모노셀 aging | G44: 3일동안 45~70도 aging
D45: 고온 press | F45: 고온 press | G45: 100도 이상에서 5~300초 press
D46: 지그체결 | F46: zig 체결 | G46: 지그 체결 (우레탄폼 cutting 포함)
D47: 셀평가 | F47: 비어있는 충방전 채널에 모노셀 체결 | G47: 충방전기 챔버로 이동 후, 지그에 모노셀 체결 및 충방전 패턴 설정 등 측정 준비
F48: 모노셀 용량 및 (LT)HPPC 평가 | G48: 모노셀 용량 및 (LT)HPPC 평가 진행
F49: Data 정리 | G49: data 추출 및 정리
F50: 추가 평가를 위한 셀 선별 _x000D_ | G50: 저항 유사한 순으로 셀 선별
F51: 충방전 채널에 모노셀 체결 (저/상/고온수명/고온저장 각각) | G51: 선별된 셀을 각각 상온/고온 충방전 챔버에 체결 및 충방전 패턴 설정/저장 설정, 고온 저장용 셀은 충전 후 별도 챔버에 보관 (HPPC 후 초기)
F52: 충방전 채널에 모노셀 체결 (저/상/고온수명/고온저장 각각) | G52: cycle 및 storage RPT 측정을 위한 cell 이동 체결/충방전 패턴 설정
F53: 셀 평가 (상온수명) | G53: 선별된 셀을 상온수명 평가 진행 (~600cyc., 100cyc마다 저항 측정)
F54: 셀 평가 (저온수명) | G54: 선별된 셀을 저온수명 평가 진행 (-20도,~600cyc.)
G55: 상온챔버로 옮긴 후 100cyc마다 저항 측정
F56: 셀 평가 (고온수명) | G56: 선별된 셀을 고온수명 평가 진행 (~600cyc.)
G57: 상온챔버로 옮긴 후 100cyc마다 저항 측정
F58: 셀 평가 (양극의 가스발생량 평가) | G58: 0주차 무게 측정 (공기중/수중 무게 각각 측정). 60도 챔버에서 보관 뒤 1주/2주/4주/8주/12주 차에 꺼내 동일하게 측정 뒤 부피변화 계산
F59: 셀 평가 (고온저장) | G59: 선별된 셀을 고온 저장 평가 진행 (60~75℃챔버 보관 후 1w, 2w, 4w, 6w, 8w 마다 저항 측정)
F60: Data 정리 | G60: data 추출 및 정리, 그래프 그리기 등 (수명, 저장 수시 정리 필요)
C64: 전해질 팀 특수 실험
C65: 셀제작_원통형 | D65: 원통형셀 활성화 | F65: 셀 주액 | G65: 전해질 주액 및 welding | H65: 전해질 팀 특수 실험
C66: 셀제작_원통형 | F66: 셀제작 및 활성화 | G66: 활성화 충전, 데이터 가공 | H66: 전해질 팀 특수 실험
C67: 셀평가_원통형 | D67: 원통형셀 validation (저장, 수명, RPT 등)_x000D_ | F67: 셀 성능 평가 | G67: 용량, 저항, 수명, 고온저장 특성 평가 | H67: 전해질 팀 특수 실험
C68: 셀제작_원통형 | D68: 셀평가(EIS) | F68: 셀측정조건 확보 | G68: 전압, SOC, 온도 선정 | H68: 전해질 팀 특수 실험
F69: 측정 | G69: 측정 번위 선정 및 측정/해석 | H69: 전해질 팀 특수 실험

Sheet 보조2-7_세부공정_실험_분리막
B3: LEVEL 0 | C3: LEVEL 1,2 | D3: LEVEL 2 | E3: LEVEL 3 | F3: LEVEL 4 | G3: LEVEL 5
B4: 실험 분류 | C4: 공정 | D4: 실험/분석법 상세 | E4: 실험 목적 | F4: Process step or SOP | G4: 상세 설명
C5: 셀 제작_모노셀 | D5: 소재 준비 | F5: 모노셀 용 샘플 타발 | G5: 양/음극 모노셀 타발, 분리막 준비
F6: 양/음극 tap 닦기 | G6: tap 부분의 활물질 층 제거
F7: 전극 V/D 챔버로 이동 | G7: Al foil로 감싼 후 드라이룸 내의 V/D 챔버로 이동
F8: 전극 건조 | G8: V/D 챔버에서 130℃ 진공상태에서 8시간동안 전극 건조
D9: 모노셀 조립 | F9: 실링 후, 모노셀 수작업실 전달 | G9: 실링 후, 모노셀 수작업실 (전지동)에 전달
F10: 모노셀 조립 | G10: 모노셀 조립
F11: 수작업실에서 모노셀 수령 | G11: 모노셀 수작업실(전지동)에서 모노셀 수령 후 건조 오븐에 투입
F12: 모노셀 건조 | G12: 55~60℃ 챔버에서 1~2일 이상 건조
D13: 전해액 주액 | F13: 건조된 모노셀 실링 후, degas 장비로 이동 | G13: 건조된 모노셀 실링/ 전해액, 피펫 등 준비 후 degas 장비로 이동 (드라이룸)
F14: 건조된 모노셀에 전해질을 주액하는 공정_x000D_ | G14: 건조된 모노셀에 전해액 주액
D15: wetting | F15: 전해액 wetting | G15: 진공챔버에서 30초씩 2번 vacuum 시행
D16: 실링 | F16: 모노셀 실링 | G16: degas 장비에서 모노셀 실링(진공압착), 수기로 cell number 기입
D17: lamination | F17: lamination | G17: lamination 1회 진행 (60~130도, 5~300초)
D18: 활성화 | F18: 비어있는 충방전 채널에 모노셀 체결 | G18: 충방전기 챔버로 이동 후 , 모노셀 체결
F19: 모노셀의 활성화 공정 | G19: 12시간 이상 상온/고온 wetting 후, 3hr 충전 후 24시간 대기
F20: 활성화 Data 정리_x000D_ | G20: data추출 및 정리
D21: degas | F21: 활성화 완료된 모노셀, degas 장비로 이동 | G21: 활성화 완료된 모노셀에 포스트잇 부착 +degas 장비(드라이룸)으로 이동
F22: 모노셀 부분 6cm로 맞추어 cutting | G22: 모노셀 부분 6cm로 맞추어 cutting
F23: 모노셀 resealing | G23: degas 장비에서 모노셀 re-실링(진공압착)
D24: aging | F24: 모노셀 aging | G24: 3일동안 45~70도 aging
D25: 고온 press | F25: 고온 press | G25: 100도 이상에서 5~300초 press
D26: 지그체결 | F26: zig 체결 | G26: 지그 체결 (우레탄폼 cutting 포함)
D27: 셀평가 | F27: 비어있는 충방전 채널에 모노셀 체결 | G27: 충방전기 챔버로 이동 후, 지그에 모노셀 체결 및 충방전 패턴 설정 등 측정 준비
F28: 모노셀 용량 및 (LT)HPPC 평가 | G28: 모노셀 용량 및 (LT)HPPC 평가 진행
F29: Data 정리 | G29: data 추출 및 정리
F30: 추가 평가를 위한 셀 선별 _x000D_ | G30: 저항 유사한 순으로 셀 선별
F31: 충방전 채널에 모노셀 체결 (저/상/고온수명/고온저장 각각) | G31: 선별된 셀을 각각 상온/고온 충방전 챔버에 체결 및 충방전 패턴 설정/저장 설정, 고온 저장용 셀은 충전 후 별도 챔버에 보관 (HPPC 후 초기)
F32: 충방전 채널에 모노셀 체결 (저/상/고온수명/고온저장 각각) | G32: cycle 및 storage RPT 측정을 위한 cell 이동 체결/충방전 패턴 설정
F33: 셀 평가 (상온수명) | G33: 선별된 셀을 상온수명 평가 진행 (~600cyc., 100cyc마다 저항 측정)
F34: 셀 평가 (저온수명) | G34: 선별된 셀을 저온수명 평가 진행 (-20도,~600cyc.)
G35: 상온챔버로 옮긴 후 100cyc마다 저항 측정
F36: 셀 평가 (고온수명) | G36: 선별된 셀을 고온수명 평가 진행 (~600cyc.)
G37: 상온챔버로 옮긴 후 100cyc마다 저항 측정
F38: 셀 평가 (고온저장) | G38: 선별된 셀을 고온 저장 평가 진행 (60~75℃챔버 보관 후 1w, 2w, 4w, 6w, 8w 마다 저항 측정)
F39: Data 정리 | G39: data 추출 및 정리, 그래프 그리기 등 (수명, 저장 수시 정리 필요)
C41: 분리막 팀 특수 실험
C42: 슬러리 제작 | D42: 슬러리 제조 (분리막) | F42: 소재 준비 | G42: 무기물/분산제/바인더 등을 준비한다 | H42: 분리막 팀 특수 실험
F43: 원재료 믹싱 | G43: 무기물/분산제/바인더 등을 혼합하여 코팅 슬러리를 제작한다. | H43: 분리막 팀 특수 실험
C44: 분리막 제작 | D44: Lab 코팅 | F44: 분리막 원단 및 슬러리 준비 | G44: 코팅용 분리막 원단과 슬러리를 준비한다. | H44: 분리막 팀 특수 실험
F45: 코팅 및 건조 | G45: 원단에 슬러리를 도포하고 건조 시킨다. | H45: 분리막 팀 특수 실험
F46: 코팅 분리막 두께 측정 | G46: 두께 측정 장비의 영점을 맞추고 원단 두께와 코팅 분리막 두께를 측정한다. | H46: 분리막 팀 특수 실험
D47: pilot 코팅 | F47: pilot 코팅 평가 | G47: pilot에서 코팅 평가하여 분리막 물성 확인한다. | H47: 분리막 팀 특수 실험
D48: 양산 코팅 | F48: 양산 코팅 평가 | G48: 양산 line에서 코팅 평가하여 분리막 물성 확인한다. | H48: 분리막 팀 특수 실험
C49: 셀 제작_원통형 | D49: 원통형 셀 제작용 샘플 준비 (분리막,전극,부자재구매,이송,참관 등) | F49: 원통형 셀 제작용 샘플 준비 | G49: 원통형 셀 제작용 샘플 준비한다. | H49: 분리막 팀 특수 실험
D50: 셀평가 (원통형) | F50: 충방전기 cell 체결 | G50: Degas가 완료된 모노셀 초기 성능 평가를 위해 충방전기 Jig에 모노셀을 체결한다. | H50: 분리막 팀 특수 실험
F51: HPPC 측정 | G51: Cell 용량 및 조건에 따라 설계된 충방전기 패턴을 활용하여 HPPC 측정 진행 한다. | H51: 분리막 팀 특수 실험
F52: Data 정리 | G52: 측정된 모노셀 data를 정리한다 | H52: 분리막 팀 특수 실험
F53: EIS 측정 | G53: 모노셀 EIS 측정을 통해 저항을 측정한다 | H53: 분리막 팀 특수 실험
F54: 셀 평가 (고온수명) | G54: 최소 3개 이상씩 ref. 소재와 동일 시점에 상온/고온 수명 평가 진행 | H54: 분리막 팀 특수 실험
F55: 셀 평가 (고온수명) | G55: 측정이 완료된 Cycle 데이터 정리한다 | H55: 분리막 팀 특수 실험
F56: 셀 평가 (고온저장) | G56: 선별된 셀을 고온 저장 평가 진행 (60~75℃챔버 보관 후 특정 주마다 저항 측정) | H56: 분리막 팀 특수 실험
F57: 셀 평가 (고온저장) | G57: data 추출 및 정리, 그래프 그리기 등 (수명, 저장 수시 정리 필요) | H57: 분리막 팀 특수 실험

Sheet Level 분류
B2: LEVEL 1 | C2: LEVEL 2 | D2: LEVEL3 | E2: LEVEL4 | F2: LEVEL5
B3: 실험 분류 | C3: 공정 | D3: 실험/분석법 상세 | E3: 실험 목적 | F3: Process step or SOP
B6: 반제품 | C6: 슬러리,전극,분리막,전해액 등 내부 제작 시료
B7: 반제품 분석 | C7: 물성, 특성 평가 실험
B8: 셀 제품 | C8: 코인셀, 모노셀, (바이셀), 스택셀
B9: 셀 평가 | C9: 전기/화학평가; 충방전 실험, 가속화 실험 등
B10: 셀 분해 분석 실험 | C10: 셀 분해 후 분석 실험
B12: LEVEL 0 | C12: LEVEL 1 | D12: LEVEL 2 | E12: LEVEL 3 | F12: LEVEL 4
B13: 실험 분류 | C13: 공정 | D13: 실험/분석법 상세 | E13: 실험 목적 | F13: Process step or SOP
B14: 원소재 분석 | C14: 활물질 분석
C15: 전해액 분석 실험 | G15: 전해액 분석 실험의 경우, 반제품 실험 or 원소재 분석 실험으로 분류상의 기준 수립 필요
C16: 분리막 분석 실험
C17: 도전재 분석 실험
C18: 바인더 분석 실험
C19: 필름 분석 실험
B20: 반제품 실험 | C20: 선분산/슬러리 제작 실험
C21: 선분산/슬러리 분석/평가 실험
C22: 전극 제작 실험
C23: 전극 분석/평가 실험
C24: 전해액 제작
C25: 전해액 분석 실험 | G25: 전해액 분석 실험의 경우, 반제품 실험 or 원소재 분석 실험으로 분류상의 기준 수립 필요
C26: 분리막 제작실험
C27: 분리막 분석 실험
B28: 셀 실험 (코인셀, 모노셀,스택셀, 원통형 셀) | C28: 선분산/슬러리 제작 실험
C29: 선분산/슬러리 분석 실험
C30: 전극 제작 실험
C31: 전극 분석 실험
C32: 셀 제작
C33: 셀 전기/화학 평가 실험
C34: 셀 분해/분석실험
B35: * 미 수행 실험은 해당없음으로 표기

Sheet 세부 공정도
B2: LEVEL 0 | C2: LEVEL 1 | D2: LEVEL 2 | E2: LEVEL 3 | F2: LEVEL 4
B3: 실험 분류 | C3: 공정 | D3: 실험/분석법 상세 | E3: 실험 목적 | F3: Process step or SOP | G3: 비고
B4: 원소재 분석 | C4: PSD 측정 | F4: 시료 준비 >> 시료 전처리 >> 샘플 Loading >>장비 세척>>Data 추출 및 정리
B10: 반제품 실험
B18: 셀 실험 (코인셀, 모노셀,스택셀, 원통형 셀)
B25: * 미 수행 실험은 해당없음으로 표기

Sheet 참고_소재별 실험 분류
B2: ※ 소재 별 실험 분류 (From 사용자 Manual) | G2: Ref. | H2: MDS Migration 전략 수립_완료보고_260709
E3: 양극재 | F3: 음극재 | G3: 분리막 | H3: 전해질 | I3: 도전재 | J3: 바인더
B4: 물성 특성 실험 | E4: ○ | F4: ○ | G4: ○ | H4: ○ | I4: ○ | J4: ○
B5: Seperator 실험 | G5: ○
B6: Electrolyte 실험 | H6: ○
B7: Solution 실험 | I7: ○
B8: Slurry 실험 | C8: Cathode Slurry | E8: ○ | I8: ○ | J8: ○
B9: Slurry 실험 | C9: Anode Slurry | F9: ○ | I9: ○ | J9: ○
B10: Slurry 실험 | C10: Separator Slurry | G10: ○
B11: Electrode 실험 | C11: Cathode Electrode | E11: ○ | I11: ○ | J11: ○
B12: Electrode 실험 | C12: Anode Electrode | F12: ○ | I12: ○ | J12: ○
B13: Cell 실험 | C13: Coin Half Cell 실험 | E13: ○ | F13: ○ | G13: ○ | J13: ○
B14: Cell 실험 | C14: Coin Full Cell 실험 | E14: ○ | F14: ○ | G14: ○ | H14: ○ | J14: ○
B15: Cell 실험 | C15: Mono Cell 실험 | E15: ○ | F15: ○ | G15: ○ | H15: ○ | I15: ○ | J15: ○
B16: Cell 실험 | C16: Bi Cell 실험 | D16: A-type/C-type | E16: ○ | G16: ○ | H16: ○ | I16: ○ | J16: ○
B17: Cell 실험 | C17: Bi Cell 실험 | D17: A-type | F17: ○
B18: Cell 실험 | C18: Stacked Cell | E18: ○ | F18: ○ | G18: ○ | H18: ○ | I18: ○ | J18: ○
B19: Cell 실험 | C19: Cylindrical Cell 실험 | G19: ○ | H19: ○
I20: Upated date | J20: 26.08.12

Sheet 참고_소재시료분류
C1: Upated date | D1: 26.08.12 | E1: 사용여부 Y, 실험대상 N -> 실험은 하지 않지만, PRS 구매요청, HSM 친환경자재검토 등에만 활용 되는 소재/시료 분류
A2: Ref. | B2: MDS Migration 전략 수립_완료보고_260709 | E2: 사용여부 Y, 실험대상 Y -> PRS 구매요청, HSM 친환경자재검토 및 실제 실험까지 수행하는 소재/시료 분류
E3: 양극재 | G3: 음극재 | I3: 분리막 | K3: 전해질 | M3: 도전재 | O3: 바인더
A4: 분류명 | B4: Crud Key | C4: 대표여부 | D4: 그룹 | E4: 사용여부 | F4: 실험대상 | G4: 사용여부 | H4: 실험대상 | I4: 사용여부 | J4: 실험대상 | K4: 사용여부 | L4: 실험대상 | M4: 사용여부 | N4: 실험대상 | O4: 사용여부 | P4: 실험대상
A5: -> 소재/시료분류
A6: -> 소재/시료분류 -> Metal
A7: -> 소재/시료분류 -> Metal -> Cobalt
A8: -> 소재/시료분류 -> Metal -> Cobalt -> Cobalt Hydroxide | E8: Y | F8: N | G8: N | H8: N | I8: N | J8: N | K8: N | L8: N | M8: N | N8: N | O8: N | P8: N
A9: -> 소재/시료분류 -> Metal -> Cobalt -> Cobalt Metal | E9: Y | F9: N | G9: N | H9: N | I9: N | J9: N | K9: N | L9: N | M9: N | N9: N | O9: N | P9: N
A10: -> 소재/시료분류 -> Metal -> Cobalt -> Cobalt Oxide | E10: Y | F10: N | G10: N | H10: N | I10: N | J10: N | K10: N | L10: N | M10: N | N10: N | O10: N | P10: N
A11: -> 소재/시료분류 -> Metal -> Cobalt -> Cobalt Sulfate | E11: Y | F11: N | G11: N | H11: N | I11: N | J11: N | K11: N | L11: N | M11: N | N11: N | O11: N | P11: N
A12: -> 소재/시료분류 -> Metal -> Lithium | E12: Y | F12: Y | G12: N | H12: N | I12: N | J12: N | K12: N | L12: N | M12: N | N12: N | O12: N | P12: N
A13: -> 소재/시료분류 -> Metal -> Lithium -> Lithium Carbonate | E13: Y | F13: N | G13: N | H13: N | I13: N | J13: N | K13: N | L13: N | M13: N | N13: N | O13: N | P13: N
A14: -> 소재/시료분류 -> Metal -> Lithium -> Lithium Hydroxide | E14: Y | F14: N | G14: N | H14: N | I14: N | J14: N | K14: N | L14: N | M14: N | N14: N | O14: N | P14: N
A15: -> 소재/시료분류 -> Metal -> Lithium -> Lithium Oxide | E15: Y | F15: N | G15: N | H15: N | I15: N | J15: N | K15: N | L15: N | M15: N | N15: N | O15: N | P15: N
A16: -> 소재/시료분류 -> Metal -> Manganese | E16: N | F16: N | G16: N | H16: N | I16: N | J16: N | K16: N | L16: N | M16: N | N16: N | O16: N | P16: N
A17: -> 소재/시료분류 -> Metal -> Manganese -> Manganese Hydroxide | E17: Y | F17: N | G17: N | H17: N | I17: N | J17: N | K17: N | L17: N | M17: N | N17: N | O17: N | P17: N
A18: -> 소재/시료분류 -> Metal -> Manganese -> Manganese Metal | E18: Y | F18: N | G18: N | H18: N | I18: N | J18: N | K18: N | L18: N | M18: N | N18: N | O18: N | P18: N
A19: -> 소재/시료분류 -> Metal -> Manganese -> Manganese Oxide | E19: Y | F19: N | G19: N | H19: N | I19: N | J19: N | K19: N | L19: N | M19: N | N19: N | O19: N | P19: N
A20: -> 소재/시료분류 -> Metal -> Manganese -> Manganese Sulfate | E20: Y | F20: N | G20: N | H20: N | I20: N | J20: N | K20: N | L20: N | M20: N | N20: N | O20: N | P20: N
A21: -> 소재/시료분류 -> Metal -> Nickel
A22: -> 소재/시료분류 -> Metal -> Nickel -> Nickel Hydroxide | E22: Y | F22: N | G22: N | H22: N | I22: N | J22: N | K22: N | L22: N | M22: N | N22: N | O22: N | P22: N
A23: -> 소재/시료분류 -> Metal -> Nickel -> Nickel Metal | E23: Y | F23: N | G23: N | H23: N | I23: N | J23: N | K23: N | L23: N | M23: N | N23: N | O23: N | P23: N
A24: -> 소재/시료분류 -> Metal -> Nickel -> Nickel Oxide | E24: Y | F24: N | G24: N | H24: N | I24: N | J24: N | K24: N | L24: N | M24: N | N24: N | O24: N | P24: N
A25: -> 소재/시료분류 -> Metal -> Nickel -> Nickel Sulfate | E25: Y | F25: N | G25: N | H25: N | I25: N | J25: N | K25: N | L25: N | M25: N | N25: N | O25: N | P25: N
A26: -> 소재/시료분류 -> Metal -> RecycledRawMaterial
A27: -> 소재/시료분류 -> Metal -> RecycledRawMaterial -> Black Mass | E27: Y | F27: N | G27: N | H27: N | I27: N | J27: N | K27: N | L27: N | M27: N | N27: N | O27: N | P27: N
A28: -> 소재/시료분류 -> Metal -> RecycledRawMaterial -> Al/Cu Mixed Foil | E28: Y | F28: N | G28: N | H28: N | I28: N | J28: N | K28: N | L28: N | M28: N | N28: N | O28: N | P28: N
A29: -> 소재/시료분류 -> Metal -> RecycledRawMaterial -> Black Powder | E29: Y | F29: N | G29: N | H29: N | I29: N | J29: N | K29: N | L29: N | M29: N | N29: N | O29: N | P29: N
A30: -> 소재/시료분류 -> Precursor
A31: -> 소재/시료분류 -> Precursor -> NCM | E31: Y | F31: Y | G31: N | H31: N | I31: N | J31: N | K31: N | L31: N | M31: N | N31: N | O31: N | P31: N
A32: -> 소재/시료분류 -> Precursor -> LFP | E32: Y | F32: Y | G32: N | H32: N | I32: N | J32: N | K32: N | L32: N | M32: N | N32: N | O32: N | P32: N
A33: -> 소재/시료분류 -> Cathode Active Material
A34: -> 소재/시료분류 -> Cathode Active Material -> CO Series | E34: N | F34: N | G34: Y | H34: N | I34: N | J34: N | K34: Y | L34: N | M34: Y | N34: N | O34: Y | P34: N
A35: -> 소재/시료분류 -> Cathode Active Material -> NCM | E35: Y | F35: Y | G35: Y | H35: N | I35: N | J35: N | K35: Y | L35: N | M35: Y | N35: N | O35: Y | P35: N
A36: -> 소재/시료분류 -> Cathode Active Material -> NCMA | E36: Y | F36: Y | G36: Y | H36: N | I36: N | J36: N | K36: Y | L36: N | M36: Y | N36: N | O36: Y | P36: N
A37: -> 소재/시료분류 -> Cathode Active Material -> LFP | E37: Y | F37: Y | G37: Y | H37: N | I37: N | J37: N | K37: Y | L37: N | M37: Y | N37: N | O37: Y | P37: N
A38: -> 소재/시료분류 -> Cathode Active Material -> LMFP | E38: Y | F38: Y | G38: Y | H38: N | I38: N | J38: N | K38: Y | L38: N | M38: Y | N38: N | O38: Y | P38: N
A39: -> 소재/시료분류 -> Cathode Active Material -> Mn-rich | E39: Y | F39: Y | G39: Y | H39: N | I39: N | J39: N | K39: Y | L39: N | M39: Y | N39: N | O39: Y | P39: N
A40: -> 소재/시료분류 -> Cathode Active Material -> DRX | E40: N | F40: N | G40: Y | H40: N | I40: N | J40: N | K40: Y | L40: N | M40: Y | N40: N | O40: Y | P40: N
A41: -> 소재/시료분류 -> Cathode Active Material -> Blending(LFP+LMFP) | E41: Y | F41: Y | G41: Y | H41: N | I41: N | J41: N | K41: Y | L41: N | M41: Y | N41: N | O41: Y | P41: N
A42: -> 소재/시료분류 -> Sacrificial Cathode Active Material
A43: -> 소재/시료분류 -> Sacrificial Cathode Active Material -> LNO | E43: N | F43: N | G43: N | H43: N | I43: N | J43: N | K43: N | L43: N | M43: Y | N43: N | O43: Y | P43: N
A44: -> 소재/시료분류 -> Sacrificial Cathode Active Material -> LCO | E44: N | F44: N | G44: N | H44: N | I44: N | J44: N | K44: N | L44: N | M44: Y | N44: N | O44: Y | P44: N
A45: -> 소재/시료분류 -> Sacrificial Cathode Active Material -> LFO | E45: Y | F45: Y | G45: N | H45: N | I45: N | J45: N | K45: N | L45: N | M45: Y | N45: N | O45: Y | P45: N
A46: -> 소재/시료분류 -> Anode Active Material
A47: -> 소재/시료분류 -> Anode Active Material -> Graphite
A48: -> 소재/시료분류 -> Anode Active Material -> Graphite -> Artificial Graphite | C48: Y | D48: 음극재-Graphite | E48: Y | F48: N | G48: Y | H48: Y | I48: N | J48: N | K48: N | L48: N | M48: Y | N48: N | O48: Y | P48: N
A49: -> 소재/시료분류 -> Anode Active Material -> Graphite -> Natural Graphite | C49: N | D49: 음극재-Graphite | E49: Y | F49: N | G49: Y | H49: Y | I49: N | J49: N | K49: N | L49: N | M49: Y | N49: N | O49: Y | P49: N
A50: -> 소재/시료분류 -> Anode Active Material -> NON-Graphite
A51: -> 소재/시료분류 -> Anode Active Material -> NON-Graphite -> Hard Carbon | C51: N | D51: 음극재-Graphite | E51: Y | F51: N | G51: Y | H51: Y | I51: N | J51: N | K51: N | L51: N | M51: N | N51: N | O51: Y | P51: N
A52: -> 소재/시료분류 -> Anode Active Material -> NON-Graphite -> Soft Carbon | C52: N | D52: 음극재-Graphite | E52: Y | F52: N | G52: Y | H52: Y | I52: N | J52: N | K52: N | L52: N | M52: N | N52: N | O52: Y | P52: N
A53: -> 소재/시료분류 -> Anode Active Material -> SI Series
A54: -> 소재/시료분류 -> Anode Active Material -> SI Series -> Pure Si | C54: Y | D54: 음극재_Si series | E54: Y | F54: N | G54: Y | H54: Y | I54: N | J54: N | K54: N | L54: N | M54: Y | N54: N | O54: Y | P54: N
A55: -> 소재/시료분류 -> Anode Active Material -> SI Series -> Si/C | C55: N | D55: 음극재_Si series | E55: Y | F55: N | G55: Y | H55: Y | I55: N | J55: N | K55: N | L55: N | M55: Y | N55: N | O55: Y | P55: N
A56: -> 소재/시료분류 -> Anode Active Material -> SI Series -> SiO | C56: N | D56: 음극재_Si series | E56: Y | F56: N | G56: Y | H56: Y | I56: N | J56: N | K56: N | L56: N | M56: Y | N56: N | O56: Y | P56: N
A57: -> 소재/시료분류 -> Anode Active Material -> LTO | E57: Y | F57: N | G57: N | H57: N | I57: N | J57: N | K57: N | L57: N | M57: N | N57: N | O57: Y | P57: N
A58: -> 소재/시료분류 -> Separator Inorganic
A59: -> 소재/시료분류 -> Separator Inorganic -> Alumina(Al2O3) | C59: Y | D59: Separator_inorganic | I59: Y | J59: Y | O59: N | P59: N
A60: -> 소재/시료분류 -> Separator Inorganic -> ATH(Al(OH3)) | C60: N | D60: Separator_inorganic | I60: Y | J60: Y | O60: N | P60: N
A61: -> 소재/시료분류 -> Separator Inorganic -> Boehmite (AlOOH) | C61: N | D61: Separator_inorganic | I61: Y | J61: Y | O61: N | P61: N
A62: -> 소재/시료분류 -> Separator Inorganic -> Magnesium oxide (MgO) | C62: N | D62: Separator_inorganic | I62: Y | J62: Y | O62: N | P62: N
A63: -> 소재/시료분류 -> Separator Inorganic -> Mg(OH)2 | C63: N | D63: Separator_inorganic | I63: Y | J63: Y | O63: N | P63: N
A64: -> 소재/시료분류 -> Separator Inorganic -> Barium titanate (BaTiO3) | C64: N | D64: Separator_inorganic | I64: Y | J64: Y | O64: N | P64: N
A65: -> 소재/시료분류 -> Separator Inorganic -> LATP | C65: N | D65: Separator_inorganic | E65: N | F65: N | G65: N | H65: N | I65: Y | J65: Y | K65: N | L65: N | O65: N | P65: N
A66: -> 소재/시료분류 -> Separator Inorganic -> SIO2 | C66: N | D66: Separator_inorganic | I66: Y | J66: Y
A67: -> 소재/시료분류 -> Separator Inorganic -> Zeolite | C67: N | D67: Separator_inorganic | I67: Y | J67: Y
A68: -> 소재/시료분류 -> Separator Additive
A69: -> 소재/시료분류 -> Separator Additive -> coupling agent | C69: Y | D69: Separator_additive | E69: N | F69: N | G69: N | H69: N | I69: Y | J69: Y
A70: -> 소재/시료분류 -> Separator Additive -> wetting agent | C70: N | D70: Separator_additive | E70: N | F70: N | G70: N | H70: N | I70: Y | J70: N
A71: -> 소재/시료분류 -> Separator Additive -> Surfactant | C71: N | D71: Separator_additive | E71: N | F71: N | I71: Y | J71: N
A72: -> 소재/시료분류 -> Separator Additive -> Acid | C72: N | D72: Separator_additive | E72: N | F72: N | I72: Y | J72: Y
A73: -> 소재/시료분류 -> Separator Additive -> CMC | C73: N | D73: Separator_additive | E73: N | F73: N | I73: Y | J73: N
A74: -> 소재/시료분류 -> Separator Additive -> Cyano Resin | C74: N | D74: Separator_additive | E74: N | F74: N | I74: Y | J74: N
A75: -> 소재/시료분류 -> Separator Additive -> Defoamer | C75: N | D75: Separator_additive | E75: N | F75: N | I75: Y | J75: Y
A76: -> 소재/시료분류 -> Seperator Binder
A77: -> 소재/시료분류 -> Seperator Binder -> PVDF(Emulsion) | C77: Y | D77: Separator_binder | G77: N | H77: N | I77: Y | J77: Y
A78: -> 소재/시료분류 -> Seperator Binder -> PVDF(Solution) | C78: N | D78: Separator_binder | G78: N | H78: N | I78: Y | J78: Y
A79: -> 소재/시료분류 -> Seperator Binder -> PVDF(Powder) | C79: N | D79: Separator_binder | G79: N | H79: N | I79: Y | J79: Y
A80: -> 소재/시료분류 -> Seperator Binder -> Acryl (Emulsion) | C80: N | D80: Separator_binder | G80: N | H80: N | I80: Y | J80: Y
A81: -> 소재/시료분류 -> Seperator Binder -> Acryl (Solution) | C81: N | D81: Separator_binder | G81: N | H81: N | I81: Y | J81: Y
A82: -> 소재/시료분류 -> Seperator Binder -> Acryl (Powder) | C82: N | D82: Separator_binder | G82: N | H82: N | I82: Y | J82: Y
A83: -> 소재/시료분류 -> Base Film
A84: -> 소재/시료분류 -> Base Film -> Wet Type
A85: -> 소재/시료분류 -> Base Film -> Wet Type -> Wet Type PE (> PE) | C85: Y | D85: Separator_base film | I85: Y | J85: Y
A86: -> 소재/시료분류 -> Base Film -> Wet Type -> Wet Type PP+PE (PP+PE) | C86: N | D86: Separator_base film | I86: Y | J86: Y
A87: -> 소재/시료분류 -> Base Film -> Wet Type -> Wet Type PP (PP) | C87: N | D87: Separator_base film | I87: Y | J87: Y
A88: -> 소재/시료분류 -> Base Film -> Dry Type
A89: -> 소재/시료분류 -> Base Film -> Dry Type -> Dry Type PP | C89: N | D89: Separator_base film | I89: Y | J89: Y
A90: -> 소재/시료분류 -> Base Film -> Dry Type -> Dry Type PP+PE | C90: N | D90: Separator_base film | I90: Y | J90: Y
A91: -> 소재/시료분류 -> Separator
A92: -> 소재/시료분류 -> Separator -> CCS
A93: -> 소재/시료분류 -> Separator -> CCS -> Double Side CCS | E93: Y | F93: N | G93: Y | H93: N | I93: Y | J93: Y | M93: Y | N93: N | O93: Y | P93: N
A94: -> 소재/시료분류 -> Separator -> CCS -> Single Side CCS | E94: Y | F94: N | G94: Y | H94: N | I94: Y | J94: Y | M94: Y | N94: N | O94: Y | P94: N
A95: -> 소재/시료분류 -> Separator -> CCS -> Double Side Asymmetric CCS | E95: Y | F95: N | G95: Y | H95: N | I95: Y | J95: Y | M95: Y | N95: N | O95: Y | P95: N
A96: -> 소재/시료분류 -> Separator -> CCS/NIPS
A97: -> 소재/시료분류 -> Separator -> CCS/NIPS -> Double Side CCS/NIPS | E97: Y | F97: N | G97: Y | H97: N | I97: Y | J97: Y | M97: Y | N97: N | O97: Y | P97: N
A98: -> 소재/시료분류 -> Separator -> NIPS
A99: -> 소재/시료분류 -> Separator -> NIPS -> Double Side NIPS | E99: Y | F99: N | G99: Y | H99: N | M99: Y | N99: N | O99: Y | P99: N
A100: -> 소재/시료분류 -> Separator -> SRS
...

Sheet 소재관리자동화_운영시나리오
A2: 소재관리자동화 운영 시나리오_x000D_
B3: 소재 구매 신청_x000D_
C4: 신규 소재 신청_x000D_
D5: 1. HSM 상에 소재 정보 입력_x000D_
E6: 시스템: HSM_x000D_
E7: 표준 Data: 소재 정보 (ex, 자재 정보 코드) _x000D_
F8: 정보: MDS 상의 소재 정보, HSM 상의 소재 정보 확인하여 기입 必_x000D_
D9: 2. HSM 상의 소재 정보를 불러와서 PRS 에서 구매 신청_x000D_
E10: 시스템: PRS_x000D_
E11: 표준 Data: 소재 정보, 소재 구매 수량 등_x000D_
F12: 정보: MDS 상의 소재 정보, HSM 상의 소재 정보 확인하여 기입 必_x000D_
C13: 사용 소재 신청_x000D_
D14: 1. HSM 상에 소재 정보 입력은 (Pass)_x000D_
D15: 2. HSM 상의 소재 정보를 불러와서 PRS 에서 구매 신청_x000D_
E16: 시스템: PRS_x000D_
E17: 표준 Data: 소재 정보, 소재 구매 수량 등_x000D_
F18: 정보: MDS 상의 소재 정보, HSM 상의 소재 정보 확인하여 기입 必_x000D_
B20: 소재 입고 / 보관_x000D_
C21: 일반 소재 입고 (구매품)_x000D_
D22: 1. 소재 입고 (물류 자재실)_x000D_
D23: 2. 화학물질 저장소 이동 (물류 자재실 → 환경안전팀)_x000D_
D24: 3. 소재관리자동화실로 이동 (화학물질 저장소에서 소재관리자동화실(소재실)_x000D_
D25: 4. 컨테이너 장입_x000D_
D26: 5. 컨테이너 입고 (to 소재관리자동화 설비)_x000D_
C27: 대용량 소재 입고 (구매품)_x000D_
D28: 1. 소재 입고 (물류 자재실)_x000D_
D29: 2. 화학물질 저장소 이동 (물류 자재실 → 환경안전팀)_x000D_
D30: 3. 소재관리자동화실로 이동 (화학물질 저장소 → 소재관리자동화실(소재실))_x000D_
D31: 4. 컨테이너 장입_x000D_
D32: 5. 컨테이너 입고 (to 소재관리자동화 설비)_x000D_
D33: 6. 잔여 소재 화학물질 저장소 이동 (소재관리자동화실 → 화학물질저장소)_x000D_
C34: 협력사 무상 제공 소재_x000D_
D35: 1. 소재 입고 (연구원 수령) - 확인 필요_x000D_
D36: 2. 소재관리자동화실로 이동 _x000D_
D37: 3. 컨테이너 장입_x000D_
D38: 4. 컨테이너 입고 (to 소재관리자동화 설비)_x000D_
B40: 소재 사용 신청_x000D_
C41: 정상 상태 요청_x000D_
D42: 사무실에서 사용 신청_x000D_
D43: 실험실에서 사용 신청_x000D_
D44: 모바일에서 사용 신청_x000D_
C45: 긴급 요청_x000D_
D46: _x000D_
B47: 소재 자동 소분 및 분출_x000D_
C48: 분석용 소재_x000D_
D49: 양극재_x000D_
D50: 음극재_x000D_
C51: 실험용 소재_x000D_
D52: 양극재_x000D_
D53: 음극재_x000D_
B54: 소재 배송_x000D_
C55: 정기 배송_x000D_
D56: 위치:_x000D_
D57: 배송 주기:_x000D_
C58: 긴급 배송_x000D_
D59: 위치:_x000D_
D60: 배송 주기:_x000D_
B61: 폐기_x000D_
C62: 소재 폐기_x000D_
D63: 사용 후 폐기 (실험실)_x000D_
D64: 미사용 소재 폐기 (소재관리자동화 실)_x000D_
C65: 컨테이너 폐기_x000D_
D66: 소재 사용 후 폐기 (소재 잔량: 小)_x000D_
D67: 미사용 소재 폐기 (소재관리자동화 실)_x000D_

Sheet 소재관리자동화_Painpoint 분석리뷰_'260615
B2: 소재관리자동화
B4: Painpoint 분석
B6: 단계 | C6: Painpoint
B7: 소재 입고 | C7: 1. 소재 보관 파우치 상에 소재 관련 정보 부족 2. 본인이 아닌 경우 찾기 어려움
B8: 소재 보관 | C8: 1. 대용량 소재 준비 시, 비산 및 무게로 인해 작업이 힘들고 어려움 2. 소재 보관 공간이 좁아 보관이 어려움
B9: 소재 찾기 | C9: 1. 개별 관리로 인해 사용 연구원 외 인원이 소재 찾기 어려움
B10: 소재 이송 (절단기)
B11: 소재 봉투 Open
B12: 소재 보관량 Check | C12: 잔여량 관리가 안되어 소재 파우치 절단 후 파우치 내 필요 소재양 확인 → 필요량 대비 소재량이 적은 경우 있음
B13: 소재 소분 | C13: 1. 소분 과정에서 소재분말 날림 발생 2. Dry Room 내 작업 공간 오염 발생, 분말 날림으로 공조 안좋아짐
B14: 소분 용기 준비
B15: 소분 용기 뚜껑 열기
B16: 소분 소재를 소분 용기에 담기
B17: 소분 소재 중량 측정
B18: 소분 소재 정량 소분
B19: 소분 용기 두껑 닫기
B20: 소분 용기 뚜껑에 정보 기입 | C20: 작은 사이즈의 두껑에 소재 정보 기입 어려움 발생 / 충분한 정보 기입 불가
B21: 소재 봉투 재 실링 | C21: 실링 시, Al 파우치가 점점 작아져, 어느 순간 Al 파우치 변경이 필요한 경우 발생 실링 되는 부분에 열이 발생하여 파우더 특성에 영향을 줄 가능성 있음
B22: 보관 창고에 이송하여 소재 보관
B23: 소재 봉투 폐기
B25: 공통 | C25: 단순/반복 작업, 작업 환경 문제 발생, 시간 多 소요
C26: 드라이룸 내 작업 수행이 필요하여 드라이룸 관리 인원 한도에 영향

Sheet 소재개발실험_자동화모듈
B1: 소재개발실험
B3: Level 1 | C3: Level 2 | D3: 주요 공정 | E3: 수요 부서 | F3: 상용화 업체 | G3: 주요 공정
B4: 소재관리 | C4: 양극재 | D4: 분말 보관 → 소분 | E4: 양극재
C5: 음극재 | D5: 분말 보관 → 소분 | E5: 음극재
C6: 분리막 | E6: 분리막
C7: 전해액 | E7: 전해질
C8: 도전재 | D8: 분말 보관 → 소분
C9: 바인더
B11: 전극 | C11: 선분산액 | D11: 원재료 투입 (분말 + 솔루션) → Mixing → 물성 측정
C12: 슬러리 | D12: 원재료 투입 (선분산액 + 활물질) → Mixing → 물성 측정 | E12: 양극재, 음극재,
C13: 전극 | D13: 전극 코팅 → 전극 압연 → 전극 건조 → (전극 타발 (노칭)) → 물성 측정
B15: 전해액 | C15: 전해액 제조 | D15: 원재료 투입 (Salt + 솔루션) → Mixing → 물성 측정
B17: 분리막 | C17: 분리막 실험
B19: 셀 조립 | C19: 코인셀 | D19: (전극/분리막 타발) → Stacking → 전해액 주입 → Crimping → 평가
C20: 모노셀 | D20: (전극/분리막 타발) → Stacking → 탭 웰딩 → 파우치 포밍 → 파우치 실링(3면) → 전해액 주입 → 파우치 실링 (4면) → Formation → Degasing → 파우치 실링 → 셀 평가 | E20: 양극재, 음극재,
C21: 삼전극셀
C22: 스택셀 | D22: (전극/분리막 타발) → Stacking → 탭 웰딩 → 파우치 포밍 → 파우치 실링(3면) → 전해액 주입 → 파우치 실링 (4면) → Formation → Degasing → 파우치 실링 → 셀 평가 | E22: 양극재, 음극재,
B24: 전기/화학평가시험 | C24: 용량/효율 평가 | D24: 코인셀, 파우치 셀, 원통형 셀 용량 효율/평가 (dQ/dV 포함)
C25: Rate Capability
C26: HPPC
C27: In-situ Cycle RPT
C28: Storage RPT
C29: In-situ Cycle swelling
C30: QPEED
C31: EIS
B34: Level 1 | C34: Level 2 | D34: SOP & 특성 | E34: 수요 부서 | F34: 상용화 업체 | G34: 주요 공정
B35: 분석 실험 | C35: 연구팀 자체 평가 분석 실험
C36: BET 분석_Porosimetry | D36: 샘플 튜브에 시료 투입 → 전처리 → 무게 측정 → 튜브 장착 및 N2 흡착 및 측정 → 세척 * 전처리 공정 추가 조사 필요
C37: Pore 구조 분석_Porosimetry | D37: BET 측정시 한번에 측정 가능 (N2 흡착을 통한 분석 수행 시) 원료 종류에 다라 전처리 시간 setting 이 다를 수 있음 CO2 분석은 내부 분석 불가하여 외주 분석 진행 중
C38: 입도 분석_입도 분석기 (Malvern)
C39: 탬밀도 분석_Tap 밀도 측정기
C40: 압연밀도_x000D_
C41: Packing Density_x000D_
C42: 진밀도 측정 (Apparent density)_Pychometer
C43: Pellet Density 측정 (음극재 MDS 는 미반영 되어 있음)
C44: XRD 분석_x000D_
C45: SEM 분석_SEM/EDS
C46: Binder Coverage
C47: 전극 물성 (두께/무게/Porosity) 측정_전극 두께 측정기, 저울
C48: 전극 MP저항_x000D_
C49: 전극 저항 측정기 - 전극 수직저항 측정 MP 저항 (음극재, MDS 미반영 항목)
... C115: Peel strength_x000D_

Sheet 소재개발실험_자동화모듈 (2)
B1: 소재개발실험
B3: Level 1 | C3: Level 2 | D3: 주요 공정 | E3: 수요 부서 | F3: 상용화 업체 | G3: 주요 공정
B4: 셀 제조 실험 | E4: 양극재
C5: 코인셀 제조 | D5: 분말 보관 → 소분 | E5: 음극재
E6: 분리막
E7: 전해질
D8: 분말 보관 → 소분
B11: 전극 | C11: 선분산액 | D11: 원재료 투입 (분말 + 솔루션) → Mixing → 물성 측정
C12: 슬러리 | D12: 원재료 투입 (선분산액 + 활물질) → Mixing → 물성 측정 | E12: 양극재, 음극재,
C13: 전극 | D13: 전극 코팅 → 전극 압연 → 전극 건조 → (전극 타발 (노칭)) → 물성 측정
B15: 전해액 | C15: 전해액 제조 | D15: 원재료 투입 (Salt + 솔루션) → Mixing → 물성 측정
B17: 분리막 | C17: 분리막 실험
B19: 셀 조립 | C19: 코인셀 | D19: (전극/분리막 타발) → Stacking → 전해액 주입 → Crimping → 평가
C20: 모노셀 | D20: (전극/분리막 타발) → Stacking → 탭 웰딩 → 파우치 포밍 → 파우치 실링(3면) → 전해액 주입 → 파우치 실링 (4면) → Formation → Degasing → 파우치 실링 → 셀 평가 | E20: 양극재, 음극재,
C21: 삼전극셀
C22: 스택셀 | D22: (전극/분리막 타발) → Stacking → 탭 웰딩 → 파우치 포밍 → 파우치 실링(3면) → 전해액 주입 → 파우치 실링 (4면) → Formation → Degasing → 파우치 실링 → 셀 평가 | E22: 양극재, 음극재,
B24: 전기/화학평가시험 | C24: 용량/효율 평가 | D24: 코인셀, 파우치 셀, 원통형 셀 용량 효율/평가 (dQ/dV 포함)
C25: Rate Capability
C26: HPPC
C27: In-situ Cycle RPT
C28: Storage RPT
C29: In-situ Cycle swelling
C30: QPEED
C31: EIS
B34: Level 1 | C34: Level 2 | D34: SOP & 특성 | E34: 수요 부서 | F34: 상용화 업체 | G34: 주요 공정
B35: 분석 실험 | C35: 연구팀 자체 평가 분석 실험
C36: BET 분석_Porosimetry | D36: 샘플 튜브에 시료 투입 → 전처리 → 무게 측정 → 튜브 장착 및 N2 흡착 및 측정 → 세척 * 전처리 공정 추가 조사 필요
C37: Pore 구조 분석_Porosimetry | D37: BET 측정시 한번에 측정 가능 (N2 흡착을 통한 분석 수행 시) 원료 종류에 다라 전처리 시간 setting 이 다를 수 있음 CO2 분석은 내부 분석 불가하여 외주 분석 진행 중
C38: 입도 분석_입도 분석기 (Malvern)
C39: 탬밀도 분석_Tap 밀도 측정기
C40: 압연밀도_x000D_
C41: Packing Density_x000D_
C42: 진밀도 측정 (Apparent density)_Pychometer
C43: Pellet Density 측정 (음극재 MDS 는 미반영 되어 있음)
C44: XRD 분석_x000D_
C45: SEM 분석_SEM/EDS
C46: Binder Coverage
C47: 전극 물성 (두께/무게/Porosity) 측정_전극 두께 측정기, 저울
C48: 전극 MP저항_x000D_
C49: 전극 저항 측정기 - 전극 수직저항 측정 MP 저항 (음극재, MDS 미반영 항목)
... C115: Peel strength_x000D_

Sheet Sheet2
B2: 구분 | C2: 업무 | D2: CTO | F2: CDO
D3: 운영 | E3: 소재개발조직 | F3: 소재개발AI팀 | G3: PI
D4: 전략팀 | G4: 조직
B5: q물리 실험 자동화 (Physical Automation) : 합성 실험의 물리적 자동화 시스템 구축 | C5: 합성공정 프로세스 분석 및 자동화 대상 실험 선정 | E5: O | F5: O
C6: 자동화 설비 사양 정의(반응기, 투입 시스템 등) | D6: O | E6: △
C7: 로봇 암, 자동 샘플링 장치 등 하드웨어 설계 및 도입 | D7: O | E7: △
C8: 설비 간 연동 시스템 구축(PLC, SCADA 등) | D8: △ | G8: O
C9: 안전 시스템 및 비상 정지 로직 구현 | D9: O | E9: △
C10: 자동화 설비 테스트 및 검증 | D10: △ | E10: O
C11: 소재 물성 측정(XRD, SEM 등) 자동화 설비 연동 | D11: O | E11: △
C12: 실험 장비 간 샘플 이동을 위한 AGV/컨베이어라인 설계 | D12: △ | E12: O
B13: q데이터 수집 인프라 구축 (Data Infrastructure) : 실험 / 측정 설비로부터 데이터 수집 및 관리 시스템 구축 (수집-전처리-DB구축) | C13: 센서 및 측정 장비 선정 및 설치 | D13: O | E13: △
C14: 데이터 수집 프로토콜 설계(샘플링 주기, 데이터 포맷 등 분석 가능한 형태로 표준화) | E14: △ | F14: △ | G14: O
C15: 데이터 수집 시스템 개발 | E15: △ | F15: △ | G15: O
C16: 데이터베이스 및 데이터 파이프라인 구축 | E16: △ | F16: △ | G16: O
C17: 데이터 품질 관리 / 백업 및 보안 체계 수립 | D17: △ | E17: △ | F17: △ | G17: O
B18: q데이터 분석 및 DoE 최적화 (Data Analytics & Optimization) : 수집된 데이터 기반의 실험 분석 및 조건 최적화 | C18: 실험 결과 분석: 통계적 분석을 통한 주요 영향인자 도출, 실험 재현 및 안정성 평가, 불량 원인 분석 및 이상 패턴 탐지 | E18: △ | F18: O
C19: 실험 조건 최적화(DoE) : Bayesian Optimization 등을 활용해 다음 실험을 위한 최적의 조건 제안 | E19: △ | F19: O
C20: 분석 자동화 : 일정한 실험 데이터가 축적되면 후보 소재의 조건에 따른 성능 예측 | E20: △ | F20: O

Sheet 팀별 LEVEL M-M 집계 (2)
A1: 팀별 실험시간 LEVEL 집계 (M/M 기준 포함) | Z1: 팀별 LEVEL 2 W·X 비교
A2: M/M 기준 = 시간 합계 ÷ 1,760 | 각 표의 팀명 필터로 선택 | Z2: P:X 원본 표시 직접 반영 | 팀별 W(M/M), X(기대 M/M)
A4: LEVEL 0 집계 | H4: LEVEL 1 집계 | P4: LEVEL 2 집계 | Z4: LEVEL 분류 | AD4: 양극재선행팀 | AF4: 리사이클팀 | AH4: 전구체 | AJ4: 양극재1팀 | AL4: 양극재2팀 | AN4: 양극재3팀 | AP4: 음극재1팀 | AR4: 음극재2팀 | AT4: 분리막1팀 | AV4: 분리막2팀 | AX4: 전해질1팀 | AZ4: 전해질2팀 | BB4: 요소소재팀
A5: 팀명 | B5: LEVEL 0 | C5: M/P 합계 [hrs] | D5: 기대M/P 합계 [hrs] | E5: M/M 합계 ([M/P]/1,760) | F5: 기대 M/M 합계 ([M/P]/1,760)2 | H5: 팀명 | I5: LEVEL 0 | J5: LEVEL 1 | K5: M/P 합계 [hrs] | L5: 기대M/P 합계 [hrs] | M5: M/M 합계 ([M/P]/1,760) | N5: 기대 M/M 합계 ([M/P]/1,760)2 | P5: 팀명 | Q5: LEVEL 0 | R5: LEVEL 1 | S5: LEVEL 2 | T5: LEVEL 4 항목 | U5: M/P 합계 [hrs] | V5: 기대M/P 합계 [hrs] | W5: M/M 합계 | X5: 기대M/M 합계 | Z5: LEVEL 0 | AA5: LEVEL 1 | AB5: LEVEL 2 | AC5: LEVEL 4 항목 | AD5: M/M | AE5: 기대 M/M | AF5: M/M​ | AG5: 기대 M/M​ | AH5: M/M​​ | AI5: 기대 M/M​​ | AJ5: M/M​​​ | AK5: 기대 M/M​​​ | AL5: M/M​​​​ | AM5: 기대 M/M​​​​ | AN5: M/M​​​​​ | AO5: 기대 M/M​​​​​ | AP5: M/M​​​​​​ | AQ5: 기대 M/M​​​​​​ | AR5: M/M​​​​​​​ | AS5: 기대 M/M​​​​​​​ | AT5: M/M​​​​​​​​ | AU5: 기대 M/M​​​​​​​​ | AV5: M/M​​​​​​​​​ | AW5: 기대 M/M​​​​​​​​​ | AX5: M/M​​​​​​​​​​ | AY5: 기대 M/M​​​​​​​​​​ | AZ5: M/M​​​​​​​​​​​ | BA5: 기대 M/M​​​​​​​​​​​ | BB5: M/M​​​​​​​​​​​​ | BC5: 기대 M/M​​​​​​​​​​​​
A6: 리사이클 | B6: 분석/측정 실험 | C6: =SUMIFS('소재개발 실험항목_Total_AX팀 관리'!$V$5:$V$1558,'소재개발 실험항목_Total_AX팀 관리'!$C$5:$C$1558,$A6,'소재개발 실험항목_Total_AX팀 관리'!$D$5:$D$1558,$B6) -> 3759.6 | D6: =SUMIFS('소재개발 실험항목_Total_AX팀 관리'!$Y$5:$Y$1558,'소재개발 실험항목_Total_AX팀 관리'!$C$5:$C$1558,$A6,'소재개발 실험항목_Total_AX팀 관리'!$D$5:$D$1558,$B6) -> 4519.8 | E6: =C6/1760 -> 2.1361364 | F6: =D6/1760 -> 2.5680682 | H6: 리사이클 | I6: 분석/측정 실험 | J6: 슬러리 분석 | K6: =SUMIFS('소재개발 실험항목_Total_AX팀 관리'!$V$5:$V$1558,'소재개발 실험항목_Total_AX팀 관리'!$C$5:$C$1558,$H6,'소재개발 실험항목_Total_AX팀 관리'!$D$5:$D$1558,$I6,'소재개발 실험항목_Total_AX팀 관리'!$E$5:$E$1558,$J6) -> 42 | L6: =SUMIFS('소재개발 실험항목_Total_AX팀 관리'!$Y$5:$Y$1558,'소재개발 실험항목_Total_AX팀 관리'!$C$5:$C$1558,$H6,'소재개발 실험항목_Total_AX팀 관리'!$D$5:$D$1558,$I6,'소재개발 실험항목_Total_AX팀 관리'!$E$5:$E$1558,$J6) -> 58.8 | M6: =K6/1760 -> 0.023863636 | N6: =L6/1760 -> 0.033409091 | P6: 리사이클 | Q6: 분석/측정 실험 | R6: 슬러리 분석 | S6: 점도, 유변물성 측정 (슬러리) | T6: {=_xlfn.TEXTJOIN("→",TRUE,_xlfn.UNIQUE(TRIM(CLEAN(_xlfn._xlws.FILTER('소재개발 실험항목_Total_AX팀 관리'!$H$5:$H$1558,('소재개발 실험항목_Total_AX팀 관리'!$C$5:$C$1558=$P6)*('소재개발 실험항목_Total_AX팀 관리'!$D$5:$D$1558=$Q6)*('소재개발 실험항목_Total_AX팀 관리'!$E$5:$E$1558=$R6)*('소재개발 실험항목_Total_AX팀 관리'!$F$5:$F$1558=$S6)*('소재개발 실험항목_Total_AX팀 관리'!$H$5:$H$1558<>""),"")))))} -> 슬러리 샘플링→Calibraton→슬러리 투입→슬러리 유변물성 측정→Data 정리→사용한 장비세척 | U6: =SUMIFS('소재개발 실험항목_Total_AX팀 관리'!$V$5:$V$1558,'소재개발 실험항목_Total_AX팀 관리'!$C$5:$C$1558,$P6,'소재개발 실험항목_Total_AX팀 관리'!$D$5:$D$1558,$Q6,'소재개발 실험항목_Total_AX팀 관리'!$E$5:$E$1558,$R6,'소재개발 실험항목_Total_AX팀 관리'!$F$5:$F$1558,$S6) -> 42 | V6: =SUMIFS('소재개발 실험항목_Total_AX팀 관리'!$Y$5:$Y$1558,'소재개발 실험항목_Total_AX팀 관리'!$C$5:$C$1558,$P6,'소재개발 실험항목_Total_AX팀 관리'!$D$5:$D$1558,$Q6,'소재개발 실험항목_Total_AX팀 관리'!$E$5:$E$1558,$R6,'소재개발 실험항목_Total_AX팀 관리'!$F$5:$F$1558,$S6) -> 58.8 | W6: =U6/1760 -> 0.023863636 | X6: =V6/1760 -> 0.033409091 | Z6: 분석/측정 실험 | AA6: 도전재 분석 | AB6: 분체저항 분석 | AC6: 장비 세팅→무게 측정→샘플링→몰드 조립→몰드 결착→분체저항 측정→장비 세척→Data 정리 | AD6: n/a | AE6: n/a | AF6: n/a | AG6: n/a | AH6: n/a | AI6: n/a | AJ6: n/a | AK6: n/a | AL6: n/a | AM6: n/a | AN6: n/a | AO6: n/a | AP6: n/a | AQ6: n/a | AR6: n/a | AS6: n/a | AT6: n/a | AU6: n/a | AV6: n/a | AW6: n/a | AX6: n/a | AY6: n/a | AZ6: n/a | BA6: n/a | BB6: n/a | BC6: n/a
A7: 리사이클 | B7: 샘플 제작 실험 | C7: =SUMIFS('소재개발 실험항목_Total_AX팀 관리'!$V$5:$V$1558,'소재개발 실험항목_Total_AX팀 관리'!$C$5:$C$1558,$A7,'소재개발 실험항목_Total_AX팀 관리'!$D$5:$D$1558,$B7) -> 768 | D7: =SUMIFS('소재개발 실험항목_Total_AX팀 관리'!$Y$5:$Y$1558,'소재개발 실험항목_Total_AX팀 관리'!$C$5:$C$1558,$A7,'소재개발 실험항목_Total_AX팀 관리'!$D$5:$D$1558,$B7) -> 1207.8 | E7: =C7/1760 -> 0.43636364 | F7: =D7/1760 -> 0.68625 | H7: 리사이클 | I7: 분석/측정 실험 | J7: 전극 분석 실험 | K7: =SUMIFS('소재개발 실험항목_Total_AX팀 관리'!$V$5:$V$1558,'소재개발 실험항목_Total_AX팀 관리'!$C$5:$C$1558,$H7,'소재개발 실험항목_Total_AX팀 관리'!$D$5:$D$1558,$I7,'소재개발 실험항목_Total_AX팀 관리'!$E$5:$E$1558,$J7) -> 246 | L7: =SUMIFS('소재개발 실험항목_Total_AX팀 관리'!$Y$5:$Y$1558,'소재개발 실험항목_Total_AX팀 관리'!$C$5:$C$1558,$H7,'소재개발 실험항목_Total_AX팀 관리'!$D$5:$D$1558,$I7,'소재개발 실험항목_Total_AX팀 관리'!$E$5:$E$1558,$J7) -> 331.2 | M7: =K7/1760 -> 0.13977273 | N7: =L7/1760 -> 0.18818182 | P7: 리사이클 | Q7: 분석/측정 실험 | R7: 전극 분석 실험 | S7: 90도 peel-off 측정 | T7: {=_xlfn.TEXTJOIN("→",TRUE,_xlfn.UNIQUE(TRIM(CLEAN(_xlfn._xlws.FILTER('소재개발 실험항목_Total_AX팀 관리'!$H$5:$H$1558,('소재개발 실험항목_Total_AX팀 관리'!$C$5:$C$1558=$P7)*('소재개발 실험항목_Total_AX팀 관리'!$D$5:$D$1558=$Q7)*('소재개발 실험항목_Total_AX팀 관리'!$E$5:$E$1558=$R7)*('소재개발 실험항목_Total_AX팀 관리'!$F$5:$F$1558=$S7)*('소재개발 실험항목_Total_AX팀 관리'!$H$5:$H$1558<>""),"")))))} -> 시편 준비→장비 로딩→측정→Data 정리 | U7: =SUMIFS('소재개발 실험항목_Total_AX팀 관리'!$V$5:$V$1558,'소재개발 실험항목_Total_AX팀 관리'!$C$5:$C$1558,$P7,'소재개발 실험항목_Total_AX팀 관리'!$D$5:$D$1558,$Q7,'소재개발 실험항목_Total_AX팀 관리'!$E$5:$E$1558,$R7,'소재개발 실험항목_Total_AX팀 관리'!$F$5:$F$1558,$S7) -> 126 | V7: =SUMIFS('소재개발 실험항목_Total_AX팀 관리'!$Y$5:$Y$1558,'소재개발 실험항목_Total_AX팀 관리'!$C$5:$C$1558,$P7,'소재개발 실험항목_Total_AX팀 관리'!$D$5:$D$1558,$Q7,'소재개발 실험항목_Total_AX팀 관리'!$E$5:$E$1558,$R7,'소재개발 실험항목_Total_AX팀 관리'!$F$5:$F$1558,$S7) -> 151.2 | W7: =U7/1760 -> 0.071590909 | X7: =V7/1760 -> 0.085909091 | Z7: 분석/측정 실험 | AA7: 도전재 분석 | AB7: BET 측정 | AC7: 샘플링→전처리→무게 측정→튜브장착 및 액체질소 투입→측정→Data 정리→장비 세척 및 정리 | AD7: n/a | AE7: n/a | AF7: n/a | AG7: n/a | AH7: n/a | AI7: n/a | AJ7: n/a | AK7: n/a | AL7: n/a | AM7: n/a | AN7: n/a | AO7: n/a | AP7: n/a | AQ7: n/a | AR7: n/a | AS7: n/a | AT7: n/a | AU7: n/a | AV7: n/a | AW7: n/a | AX7: n/a | AY7: n/a | AZ7: n/a | BA7: n/a | BB7: n/a | BC7: n/a
A8: 리사이클 | B8: 전기화학평가 | C8: =SUMIFS('소재개발 실험항목_Total_AX팀 관리'!$V$5:$V$1558,'소재개발 실험항목_Total_AX팀 관리'!$C$5:$C$1558,$A8,'소재개발 실험항목_Total_AX팀 관리'!$D$5:$D$1558,$B8) -> 852 | D8: =SUMIFS('소재개발 실험항목_Total_AX팀 관리'!$Y$5:$Y$1558,'소재개발 실험항목_Total_AX팀 관리'!$C$5:$C$1558,$A8,'소재개발 실험항목_Total_AX팀 관리'!$D$5:$D$1558,$B8) -> 1386 | E8: =C8/1760 -> 0.48409091 | F8: =D8/1760 -> 0.7875 | H8: 리사이클 | I8: 분석/측정 실험 | J8: 활물질 분석 | K8: =SUMIFS('소재개발 실험항목_Total_AX팀 관리'!$V$5:$V$1558,'소재개발 실험항목_Total_AX팀 관리'!$C$5:$C$1558,$H8,'소재개발 실험항목_Total_AX팀 관리'!$D$5:$D$1558,$I8,'소재개발 실험항목_Total_AX팀 관리'!$E$5:$E$1558,$J8) -> 3471.6 | L8: =SUMIFS('소재개발 실험항목_Total_AX팀 관리'!$Y$5:$Y$1558,'소재개발 실험항목_Total_AX팀 관리'!$C$5:$C$1558,$H8,'소재개발 실험항목_Total_AX팀 관리'!$D$5:$D$1558,$I8,'소재개발 실험항목_Total_AX팀 관리'!$E$5:$E$1558,$J8) -> 4129.8 | M8: =K8/1760 -> 1.9725 | N8: =L8/1760 -> 2.3464773 | P8: 리사이클 | Q8: 분석/측정 실험 | R8: 전극 분석 실험 | S8: 전극 porosity 측정 | T8: {=_xlfn.TEXTJOIN("→",TRUE,_xlfn.UNIQUE(TRIM(CLEAN(_xlfn._xlws.FILTER('소재개발 실험항목_Total_AX팀 관리'!$H$5:$H$1558,('소재개발 실험항목_Total_AX팀 관리'!$C$5:$C$1558=$P8)*('소재개발 실험항목_Total_AX팀 관리'!$D$5:$D$1558=$Q8)*('소재개발 실험항목_Total_AX팀 관리'!$E$5:$E$1558=$R8)*('소재개발 실험항목_Total_AX팀 관리'!$F$5:$F$1558=$S8)*('소재개발 실험항목_Total_AX팀 관리'!$H$5:$H$1558<>""),"")))))} -> 전극 압연→두께 및 무게 측정→기공률 계산 | U8: =SUMIFS('소재개발 실험항목_Total_AX팀 관리'!$V$5:$V$1558,'소재개발 실험항목_Total_AX팀 관리'!$C$5:$C$1558,$P8,'소재개발 실험항목_Total_AX팀 관리'!$D$5:$D$1558,$Q8,'소재개발 실험항목_Total_AX팀 관리'!$E$5:$E$1558,$R8,'소재개발 실험항목_Total_AX팀 관리'!$F$5:$F$1558,$S8) -> 120 | V8: =SUMIFS('소재개발 실험항목_Total_AX팀 관리'!$Y$5:$Y$1558,'소재개발 실험항목_Total_AX팀 관리'!$C$5:$C$1558,$P8,'소재개발 실험항목_Total_AX팀 관리'!$D$5:$D$1558,$Q8,'소재개발 실험항목_Total_AX팀 관리'!$E$5:$E$1558,$R8,'소재개발 실험항목_Total_AX팀 관리'!$F$5:$F$1558,$S8) -> 180 | W8: =U8/1760 -> 0.068181818 | X8: =V8/1760 -> 0.10227273 | Z8: 분석/측정 실험 | AA8: 도전재 분석 | AB8: ICP 분석 | AC8: 분석 담당 의뢰중 | AD8: n/a | AE8: n/a | AF8: n/a | AG8: n/a | AH8: n/a | AI8: n/a | AJ8: n/a | AK8: n/a | AL8: n/a | AM8: n/a | AN8: n/a | AO8: n/a | AP8: n/a | AQ8: n/a | AR8: n/a | AS8: n/a | AT8: n/a | AU8: n/a | AV8: n/a | AW8: n/a | AX8: n/a | AY8: n/a | AZ8: n/a | BA8: n/a | BB8: * | BC8: *
A9: 분리막 1팀 | B9: 분석/측정 실험 | C9: =SUMIFS('소재개발 실험항목_Total_AX팀 관리'!$V$5:$V$1558,'소재개발 실험항목_Total_AX팀 관리'!$C$5:$C$1558,$A9,'소재개발 실험항목_Total_AX팀 관리'!$D$5:$D$1558,$B9) -> 11229.38 | D9: =SUMIFS('소재개발 실험항목_Total_AX팀 관리'!$Y$5:$Y$1558,'소재개발 실험항목_Total_AX팀 관리'!$C$5:$C$1558,$A9,'소재개발 실험항목_Total_AX팀 관리'!$D$5:$D$1558,$B9) -> 39927.961 | E9: =C9/1760 -> 6.3803294 | F9: =D9/1760 -> 22.686341 | H9: 리사이클 | I9: 샘플 제작 실험 | J9: 선분산/슬러리 제작 | K9: =SUMIFS('소재개발 실험항목_Total_AX팀 관리'!$V$5:$V$1558,'소재개발 실험항목_Total_AX팀 관리'!$C$5:$C$1558,$H9,'소재개발 실험항목_Total_AX팀 관리'!$D$5:$D$1558,$I9,'소재개발 실험항목_Total_AX팀 관리'!$E$5:$E$1558,$J9) -> 102 | L9: =SUMIFS('소재개발 실험항목_Total_AX팀 관리'!$Y$5:$Y$1558,'소재개발 실험항목_Total_AX팀 관리'!$C$5:$C$1558,$H9,'소재개발 실험항목_Total_AX팀 관리'!$D$5:$D$1558,$I9,'소재개발 실험항목_Total_AX팀 관리'!$E$5:$E$1558,$J9) -> 142.8 | M9: =K9/1760 -> 0.057954545 | N9: =L9/1760 -> 0.081136364 | P9: 리사이클 | Q9: 분석/측정 실험 | R9: 활물질 분석 | S9: 수분 함량 측정 | T9: {=_xlfn.TEXTJOIN("→",TRUE,_xlfn.UNIQUE(TRIM(CLEAN(_xlfn._xlws.FILTER('소재개발 실험항목_Total_AX팀 관리'!$H$5:$H$1558,('소재개발 실험항목_Total_AX팀 관리'!$C$5:$C$1558=$P9)*('소재개발 실험항목_Total_AX팀 관리'!$D$5:$D$1558=$Q9)*('소재개발 실험항목_Total_AX팀 관리'!$E$5:$E$1558=$R9)*('소재개발 실험항목_Total_AX팀 관리'!$F$5:$F$1558=$S9)*('소재개발 실험항목_Total_AX팀 관리'!$H$5:$H$1558<>""),"")))))} -> 샘플링→빈 바이알과 샘플소분한 바이알 장착→측정 온도 조건 설정→Calibration→측정→Data 정리→세척 및 정리 | U9: =SUMIFS('소재개발 실험항목_Total_AX팀 관리'!$V$5:$V$1558,'소재개발 실험항목_Total_AX팀 관리'!$C$5:$C$1558,$P9,'소재개발 실험항목_Total_AX팀 관리'!$D$5:$D$1558,$Q9,'소재개발 실험항목_Total_AX팀 관리'!$E$5:$E$1558,$R9,'소재개발 실험항목_Total_AX팀 관리'!$F$5:$F$1558,$S9) -> 234 | V9: =SUMIFS('소재개발 실험항목_Total_AX팀 관리'!$Y$5:$Y$1558,'소재개발 실험항목_Total_AX팀 관리'!$C$5:$C$1558,$P9,'소재개발 실험항목_Total_AX팀 관리'!$D$5:$D$1558,$Q9,'소재개발 실험항목_Total_AX팀 관리'!$E$5:$E$1558,$R9,'소재개발 실험항목_Total_AX팀 관리'!$F$5:$F$1558,$S9) -> 234 | W9: =U9/1760 -> 0.13295455 | X9: =V9/1760 -> 0.13295455 | Z9: 분석/측정 실험 | AA9: 도전재 분석 | AB9: SEM 분석 | AC9: 샘플링→샘플 홀더 장비로 투입→이미지 생성→EDS 분석→Data 저장→샘플 홀더 자동 배출→샘플 홀더 클리닝 | AD9: n/a | AE9: n/a | AF9: n/a | AG9: n/a | AH9: n/a | AI9: n/a | AJ9: n/a | AK9: n/a | AL9: n/a | AM9: n/a | AN9: n/a | AO9: n/a | AP9: n/a | AQ9: n/a | AR9: n/a | AS9: n/a | AT9: n/a | AU9: n/a | AV9: n/a | AW9: n/a | AX9: n/a | AY9: n/a | AZ9: n/a | BA9: n/a | BB9: n/a | BC9: n/a
A10: 분리막 1팀 | B10: 샘플 제작 실험 | C10: =SUMIFS('소재개발 실험항목_Total_AX팀 관리'!$V$5:$V$1558,'소재개발 실험항목_Total_AX팀 관리'!$C$5:$C$1558,$A10,'소재개발 실험항목_Total_AX팀 관리'!$D$5:$D$1558,$B10) -> 3811.2 | D10: =SUMIFS('소재개발 실험항목_Total_AX팀 관리'!$Y$5:$Y$1558,'소재개발 실험항목_Total_AX팀 관리'!$C$5:$C$1558,$A10,'소재개발 실험항목_Total_AX팀 관리'!$D$5:$D$1558,$B10) -> 6316.8 | E10: =C10/1760 -> 2.1654545 | F10: =D10/1760 -> 3.5890909 | H10: 리사이클 | I10: 샘플 제작 실험 | J10: 셀 제작 | K10: =SUMIFS('소재개발 실험항목_Total_AX팀 관리'!$V$5:$V$1558,'소재개발 실험항목_Total_AX팀 관리'!$C$5:$C$1558,$H10,'소재개발 실험항목_Total_AX팀 관리'!$D$5:$D$1558,$I10,'소재개발 실험항목_Total_AX팀 관리'!$E$5:$E$1558,$J10) -> 486 | L10: =SUMIFS('소재개발 실험항목_Total_AX팀 관리'!$Y$5:$Y$1558,'소재개발 실험항목_Total_AX팀 관리'!$C$5:$C$1558,$H10,'소재개발 실험항목_Total_AX팀 관리'!$D$5:$D$1558,$I10,'소재개발 실험항목_Total_AX팀 관리'!$E$5:$E$1558,$J10) -> 765 | M10: =K10/1760 -> 0.27613636 | N10: =L10/1760 -> 0.43465909 | P10: 리사이클 | Q10: 분석/측정 실험 | R10: 활물질 분석 | S10: 잔류 리튬 측정(LI2CO3, LIOH, LBO) | T10: {=_xlfn.TEXTJOIN("→",TRUE,_xlfn.UNIQUE(TRIM(CLEAN(_xlfn._xlws.FILTER('소재개발 실험항목_Total_AX팀 관리'!$H$5:$H$1558,('소재개발 실험항목_Total_AX팀 관리'!$C$5:$C$1558=$P10)*('소재개발 실험항목_Total_AX팀 관리'!$D$5:$D$1558=$Q10)*('소재개발 실험항목_Total_AX팀 관리'!$E$5:$E$1558=$R10)*('소재개발 실험항목_Total_AX팀 관리'!$F$5:$F$1558=$S10)*('소재개발 실험항목_Total_AX팀 관리'!$H$5:$H$1558<>""),"")))))} -> 산성, 중성, 염기성 표준 용액으로 장비 calibraition→1 g의 활물질을 정량하고 3차 증류수와 혼합하여 mixing→감압필터를 사용하여 혼합 용액 추출→필터링 된 용액을 잔류 리튬 측정장치를 사용하여 측정→3차 증류수를 사용하여 장비 세척 | U10: =SUMIFS('소재개발 실험항목_Total_AX팀 관리'!$V$5:$V$1558,'소재개발 실험항목_Total_AX팀 관리'!$C$5:$C$1558,$P10,'소재개발 실험항목_Total_AX팀 관리'!$D$5:$D$1558,$Q10,'소재개발 실험항목_Total_AX팀 관리'!$E$5:$E$1558,$R10,'소재개발 실험항목_Total_AX팀 관리'!$F$5:$F$1558,$S10) -> 60 | V10: =SUMIFS('소재개발 실험항목_Total_AX팀 관리'!$Y$5:$Y$1558,'소재개발 실험항목_Total_AX팀 관리'!$C$5:$C$1558,$P10,'소재개발 실험항목_Total_AX팀 관리'!$D$5:$D$1558,$Q10,'소재개발 실험항목_Total_AX팀 관리'!$E$5:$E$1558,$R10,'소재개발 실험항목_Total_AX팀 관리'!$F$5:$F$1558,$S10) -> 72 | W10: =U10/1760 -> 0.034090909 | X10: =V10/1760 -> 0.040909091 | Z10: 분석/측정 실험 | AA10: 도전재 분석 | AB10: XRD 분석 | AC10: 샘플링→XRD 측정→Data 변환 및 fitting→장비 세척 및 정리→그래프 생성 | AD10: n/a | AE10: n/a | AF10: n/a | AG10: n/a | AH10: n/a | AI10: n/a | AJ10: n/a | AK10: n/a | AL10: n/a | AM10: n/a | AN10: n/a | AO10: n/a | AP10: n/a | AQ10: n/a | AR10: n/a | AS10: n/a | AT10: n/a | AU10: n/a | AV10: n/a | AW10: n/a | AX10: n/a | AY10: n/a | AZ10: n/a | BA10: n/a | BB10: n/a | BC10: n/a
A11: 분리막 1팀 | B11: 전기화학평가 | C11: =SUMIFS('소재개발 실험항목_Total_AX팀 관리'!$V$5:$V$1558,'소재개발 실험항목_Total_AX팀 관리'!$C$5:$C$1558,$A11,'소재개발 실험항목_Total_AX팀 관리'!$D$5:$D$1558,$B11) -> 614.4 | D11: =SUMIFS('소재개발 실험항목_Total_AX팀 관리'!$Y$5:$Y$1558,'소재개발 실험항목_Total_AX팀 관리'!$C$5:$C$1558,$A11,'소재개발 실험항목_Total_AX팀 관리'!$D$5:$D$1558,$B11) -> 1228.8 | E11: =C11/1760 -> 0.34909091 | F11: =D11/1760 -> 0.69818182 | H11: 리사이클 | I11: 샘플 제작 실험 | J11: 전극 제작 | K11: =SUMIFS('소재개발 실험항목_Total_AX팀 관리'!$V$5:$V$1558,'소재개발 실험항목_Total_AX팀 관리'!$C$5:$C$1558,$H11,'소재개발 실험항목_Total_AX팀 관리'!$D$5:$D$1558,$I11,'소재개발 실험항목_Total_AX팀 관리'!$E$5:$E$1558,$J11) -> 180 | L11: =SUMIFS('소재개발 실험항목_Total_AX팀 관리'!$Y$5:$Y$1558,'소재개발 실험항목_Total_AX팀 관리'!$C$5:$C$1558,$H11,'소재개발 실험항목_Total_AX팀 관리'!$D$5:$D$1558,$I11,'소재개발 실험항목_Total_AX팀 관리'!$E$5:$E$1558,$J11) -> 300 | M11: =K11/1760 -> 0.10227273 | N11: =L11/1760 -> 0.17045455 | P11: 리사이클 | Q11: 분석/측정 실험 | R11: 활물질 분석 | S11: 탄소 성분 분석 | T11: {=_xlfn.TEXTJOIN("→",TRUE,_xlfn.UNIQUE(TRIM(CLEAN(_xlfn._xlws.FILTER('소재개발 실험항목_Total_AX팀 관리'!$H$5:$H$1558,('소재개발 실험항목_Total_AX팀 관리'!$C$5:$C$1558=$P11)*('소재개발 실험항목_Total_AX팀 관리'!$D$5:$D$1558=$Q11)*('소재개발 실험항목_Total_AX팀 관리'!$E$5:$E$1558=$R11)*('소재개발 실험항목_Total_AX팀 관리'!$F$5:$F$1558=$S11)*('소재개발 실험항목_Total_AX팀 관리'!$H$5:$H$1558<>""),"")))))} -> 분석팀 의뢰_미량(약 1g 수준) 시료 분석 의뢰, 분석팀 SOP 활용 | U11: =SUMIFS('소재개발 실험항목_Total_AX팀 관리'!$V$5:$V$1558,'소재개발 실험항목_Total_AX팀 관리'!$C$5:$C$1558,$P11,'소재개발 실험항목_Total_AX팀 관리'!$D$5:$D$1558,$Q11,'소재개발 실험항목_Total_AX팀 관리'!$E$5:$E$1558,$R11,'소재개발 실험항목_Total_AX팀 관리'!$F$5:$F$1558,$S11) -> 0 | V11: =SUMIFS('소재개발 실험항목_Total_AX팀 관리'!$Y$5:$Y$1558,'소재개발 실험항목_Total_AX팀 관리'!$C$5:$C$1558,$P11,'소재개발 실험항목_Total_AX팀 관리'!$D$5:$D$1558,$Q11,'소재개발 실험항목_Total_AX팀 관리'!$E$5:$E$1558,$R11,'소재개발 실험항목_Total_AX팀 관리'!$F$5:$F$1558,$S11) -> 0 | W11: =U11/1760 -> 0 | X11: =V11/1760 -> 0 | Z11: 분석/측정 실험 | AA11: 바인더 분석 | AB11: 고형분 측정 | AC11: 샘플링→건조전 무게 측정→건조→건조후 무게 측정→고형분 측정 | AD11: n/a | AE11: n/a | AF11: n/a | AG11: n/a | AH11: n/a | AI11: n/a | AJ11: n/a | AK11: n/a | AL11: n/a | AM11: n/a | AN11: n/a | AO11: n/a | AP11: n/a | AQ11: n/a | AR11: n/a | AS11: n/a | AT11: n/a | AU11: n/a | AV11: n/a | AW11: n/a | AX11: n/a | AY11: n/a | AZ11: n/a | BA11: n/a | BB11: n/a | BC11: n/a
A12: 분리막 2팀 | B12: 분석/측정 실험 | C12: =SUMIFS('소재개발 실험항목_Total_AX팀 관리'!$V$5:$V$1558,'소재개발 실험항목_Total_AX팀 관리'!$C$5:$C$1558,$A12,'소재개발 실험항목_Total_AX팀 관리'!$D$5:$D$1558,$B12) -> 24606.907 | D12: =SUMIFS('소재개발 실험항목_Total_AX팀 관리'!$Y$5:$Y$1558,'소재개발 실험항목_Total_AX팀 관리'!$C$5:$C$1558,$A12,'소재개발 실험항목_Total_AX팀 관리'!$D$5:$D$1558,$B12) -> 74852.135 | E12: =C12/1760 -> 13.981197 | F12: =D12/1760 -> 42.529622 | H12: 리사이클 | I12: 전기화학평가 | J12: 셀 평가_모노셀 | K12: =SUMIFS('소재개발 실험항목_Total_AX팀 관리'!$V$5:$V$1558,'소재개발 실험항목_Total_AX팀 관리'!$C$5:$C$1558,$H12,'소재개발 실험항목_Total_AX팀 관리'!$D$5:$D$1558,$I12,'소재개발 실험항목_Total_AX팀 관리'!$E$5:$E$1558,$J12) -> 276 | L12: =SUMIFS('소재개발 실험항목_Total_AX팀 관리'!$Y$5:$Y$1558,'소재개발 실험항목_Total_AX팀 관리'!$C$5:$C$1558,$H12,'소재개발 실험항목_Total_AX팀 관리'!$D$5:$D$1558,$I12,'소재개발 실험항목_Total_AX팀 관리'!$E$5:$E$1558,$J12) -> 426 | M12: =K12/1760 -> 0.15681818 | N12: =L12/1760 -> 0.24204545 | P12: 리사이클 | Q12: 분석/측정 실험 | R12: 활물질 분석 | S12: AES | T12: {=_xlfn.TEXTJOIN("→",TRUE,_xlfn.UNIQUE(TRIM(CLEAN(_xlfn._xlws.FILTER('소재개발 실험항목_Total_AX팀 관리'!$H$5:$H$1558,('소재개발 실험항목_Total_AX팀 관리'!$C$5:$C$1558=$P12)*('소재개발 실험항목_Total_AX팀 관리'!$D$5:$D$1558=$Q12)*('소재개발 실험항목_Total_AX팀 관리'!$E$5:$E$1558=$R12)*('소재개발 실험항목_Total_AX팀 관리'!$F$5:$F$1558=$S12)*('소재개발 실험항목_Total_AX팀 관리'!$H$5:$H$1558<>""),"")))))} -> 분석팀 의뢰_미량(약 1g 수준) 시료 분석 의뢰, 분석팀 SOP 활용 | U12: =SUMIFS('소재개발 실험항목_Total_AX팀 관리'!$V$5:$V$1558,'소재개발 실험항목_Total_AX팀 관리'!$C$5:$C$1558,$P12,'소재개발 실험항목_Total_AX팀 관리'!$D$5:$D$1558,$Q12,'소재개발 실험항목_Total_AX팀 관리'!$E$5:$E$1558,$R12,'소재개발 실험항목_Total_AX팀 관리'!$F$5:$F$1558,$S12) -> 0 | V12: =SUMIFS('소재개발 실험항목_Total_AX팀 관리'!$Y$5:$Y$1558,'소재개발 실험항목_Total_AX팀 관리'!$C$5:$C$1558,$P12,'소재개발 실험항목_Total_AX팀 관리'!$D$5:$D$1558,$Q12,'소재개발 실험항목_Total_AX팀 관리'!$E$5:$E$1558,$R12,'소재개발 실험항목_Total_AX팀 관리'!$F$5:$F$1558,$S12) -> 0 | W12: =U12/1760 -> 0 | X12: =V12/1760 -> 0 | Z12: 분석/측정 실험 | AA12: 바인더 분석 | AB12: 인장강도 측정 | AC12: 샘플링 및 필름화→샘플 건조→필름 타발→인장강도 장비 셋팅→인장강도 측정 | AD12: n/a | AE12: n/a | AF12: n/a | AG12: n/a | AH12: n/a | AI12: n/a | AJ12: n/a | AK12: n/a | AL12: n/a | AM12: n/a | AN12: n/a | AO12: n/a | AP12: n/a | AQ12: n/a | AR12: n/a | AS12: n/a | AT12: n/a | AU12: n/a | AV12: n/a | AW12: n/a | AX12: n/a | AY12: n/a | AZ12: n/a | BA12: n/a | BB12: n/a | BC12: n/a
A13: 분리막 2팀 | B13: 샘플 제작 실험 | C13: =SUMIFS('소재개발 실험항목_Total_AX팀 관리'!$V$5:$V$1558,'소재개발 실험항목_Total_AX팀 관리'!$C$5:$C$1558,$A13,'소재개발 실험항목_Total_AX팀 관리'!$D$5:$D$1558,$B13) -> 4028.1763 | D13: =SUMIFS('소재개발 실험항목_Total_AX팀 관리'!$Y$5:$Y$1558,'소재개발 실험항목_Total_AX팀 관리'!$C$5:$C$1558,$A13,'소재개발 실험항목_Total_AX팀 관리'!$D$5:$D$1558,$B13) -> 5834.1763 | E13: =C13/1760 -> 2.2887365 | F13: =D13/1760 -> 3.3148729 | H13: 리사이클 | I13: 전기화학평가 | J13: 셀 평가_코인셀 | K13: =SUMIFS('소재개발 실험항목_Total_AX팀 관리'!$V$5:$V$1558,'소재개발 실험항목_Total_AX팀 관리'!$C$5:$C$1558,$H13,'소재개발 실험항목_Total_AX팀 관리'!$D$5:$D$1558,$I13,'소재개발 실험항목_Total_AX팀 관리'!$E$5:$E$1558,$J13) -> 576 | L13: =SUMIFS('소재개발 실험항목_Total_AX팀 관리'!$Y$5:$Y$1558,'소재개발 실험항목_Total_AX팀 관리'!$C$5:$C$1558,$H13,'소재개발 실험항목_Total_AX팀 관리'!$D$5:$D$1558,$I13,'소재개발 실험항목_Total_AX팀 관리'!$E$5:$E$1558,$J13) -> 960 | M13: =K13/1760 -> 0.32727273 | N13: =L13/1760 -> 0.54545455 | P13: 리사이클 | Q13: 분석/측정 실험 | R13: 활물질 분석 | S13: BET 측정 | T13: {=_xlfn.TEXTJOIN("→",TRUE,_xlfn.UNIQUE(TRIM(CLEAN(_xlfn._xlws.FILTER('소재개발 실험항목_Total_AX팀 관리'!$H$5:$H$1558,('소재개발 실험항목_Total_AX팀 관리'!$C$5:$C$1558=$P13)*('소재개발 실험항목_Total_AX팀 관리'!$D$5:$D$1558=$Q13)*('소재개발 실험항목_Total_AX팀 관리'!$E$5:$E$1558=$R13)*('소재개발 실험항목_Total_AX팀 관리'!$F$5:$F$1558=$S13)*('소재개발 실험항목_Total_AX팀 관리'!$H$5:$H$1558<>""),"")))))} -> 샘플링→전처리→무게 측정→튜브장착 및 액체질소 투입→측정→Data 정리→세척 및 정리 | U13: =SUMIFS('소재개발 실험항목_Total_AX팀 관리'!$V$5:$V$1558,'소재개발 실험항목_Total_AX팀 관리'!$C$5:$C$1558,$P13,'소재개발 실험항목_Total_AX팀 관리'!$D$5:$D$1558,$Q13,'소재개발 실험항목_Total_AX팀 관리'!$E$5:$E$1558,$R13,'소재개발 실험항목_Total_AX팀 관리'!$F$5:$F$1558,$S13) -> 93.6 | V13: =SUMIFS('소재개발 실험항목_Total_AX팀 관리'!$Y$5:$Y$1558,'소재개발 실험항목_Total_AX팀 관리'!$C$5:$C$1558,$P13,'소재개발 실험항목_Total_AX팀 관리'!$D$5:$D$1558,$Q13,'소재개발 실험항목_Total_AX팀 관리'!$E$5:$E$1558,$R13,'소재개발 실험항목_Total_AX팀 관리'!$F$5:$F$1558,$S13) -> 163.8 | W13: =U13/1760 -> 0.053181818 | X13: =V13/1760 -> 0.093068182 | Z13: 분석/측정 실험 | AA13: 바인더 분석 | AB13: 점도 측정 (바인더 / B형 점도) | AC13: 샘플링→점도계 셋팅→점도 측정 | AD13: n/a | AE13: n/a | AF13: n/a | AG13: n/a | AH13: n/a | AI13: n/a | AJ13: n/a | AK13: n/a | AL13: n/a | AM13: n/a | AN13: n/a | AO13: n/a | AP13: n/a | AQ13: n/a | AR13: n/a | AS13: n/a | AT13: n/a | AU13: n/a | AV13: n/a | AW13: n/a | AX13: n/a | AY13: n/a | AZ13: n/a | BA13: n/a | BB13: n/a | BC13: n/a
A14: 분리막 2팀 | B14: 전기화학평가 | C14: =SUMIFS('소재개발 실험항목_Total_AX팀 관리'!$V$5:$V$1558,'소재개발 실험항목_Total_AX팀 관리'!$C$5:$C$1558,$A14,'소재개발 실험항목_Total_AX팀 관리'!$D$5:$D$1558,$B14) -> 394.8 | D14: =SUMIFS('소재개발 실험항목_Total_AX팀 관리'!$Y$5:$Y$1558,'소재개발 실험항목_Total_AX팀 관리'!$C$5:$C$1558,$A14,'소재개발 실험항목_Total_AX팀 관리'!$D$5:$D$1558,$B14) -> 394.8 | E14: =C14/1760 -> 0.22431818 | F14: =D14/1760 -> 0.22431818 | H14: 분리막 1팀 | I14: 분석/측정 실험 | J14: 분리막 분석 실험 | K14: =SUMIFS('소재개발 실험항목_Total_AX팀 관리'!$V$5:$V$1558,'소재개발 실험항목_Total_AX팀 관리'!$C$5:$C$1558,$H14,'소재개발 실험항목_Total_AX팀 관리'!$D$5:$D$1558,$I14,'소재개발 실험항목_Total_AX팀 관리'!$E$5:$E$1558,$J14) -> 10457.54 | L14: =SUMIFS('소재개발 실험항목_Total_AX팀 관리'!$Y$5:$Y$1558,'소재개발 실험항목_Total_AX팀 관리'!$C$5:$C$1558,$H14,'소재개발 실험항목_Total_AX팀 관리'!$D$5:$D$1558,$I14,'소재개발 실험항목_Total_AX팀 관리'!$E$5:$E$1558,$J14) -> 39156.121 | M14: =K14/1760 -> 5.9417839 | N14: =L14/1760 -> 22.247796 | P14: 리사이클 | Q14: 분석/측정 실험 | R14: 활물질 분석 | S14: DSC 분석 | T14: {=_xlfn.TEXTJOIN("→",TRUE,_xlfn.UNIQUE(TRIM(CLEAN(_xlfn._xlws.FILTER('소재개발 실험항목_Total_AX팀 관리'!$H$5:$H$1558,('소재개발 실험항목_Total_AX팀 관리'!$C$5:$C$1558=$P14)*('소재개발 실험항목_Total_AX팀 관리'!$D$5:$D$1558=$Q14)*('소재개발 실험항목_Total_AX팀 관리'!$E$5:$E$1558=$R14)*('소재개발 실험항목_Total_AX팀 관리'!$F$5:$F$1558=$S14)*('소재개발 실험항목_Total_AX팀 관리'!$H$5:$H$1558<>""),"")))))} -> 분석팀 의뢰_미량(약 1g 수준) 시료 분석 의뢰, 분석팀 SOP 활용 | U14: =SUMIFS('소재개발 실험항목_Total_AX팀 관리'!$V$5:$V$1558,'소재개발 실험항목_Total_AX팀 관리'!$C$5:$C$1558,$P14,'소재개발 실험항목_Total_AX팀 관리'!$D$5:$D$1558,$Q14,'소재개발 실험항목_Total_AX팀 관리'!$E$5:$E$1558,$R14,'소재개발 실험항목_Total_AX팀 관리'!$F$5:$F$1558,$S14) -> 0 | V14: =SUMIFS('소재개발 실험항목_Total_AX팀 관리'!$Y$5:$Y$1558,'소재개발 실험항목_Total_AX팀 관리'!$C$5:$C$1558,$P14,'소재개발 실험항목_Total_AX팀 관리'!$D$5:$D$1558,$Q14,'소재개발 실험항목_Total_AX팀 관리'!$E$5:$E$1558,$R14,'소재개발 실험항목_Total_AX팀 관리'!$F$5:$F$1558,$S14) -> 0 | W14: =U14/1760 -> 0 | X14: =V14/1760 -> 0 | Z14: 분석/측정 실험 | AA14: 바인더 분석 | AB14: 점도 측정 (바인더) | AC14: 샘플링→레오미터 셋팅→유변물성 측정→Data 정리 | AD14: n/a | AE14: n/a | AF14: n/a | AG14: n/a | AH14: n/a | AI14: n/a | AJ14: n/a | AK14: n/a | AL14: n/a | AM14: n/a | AN14: n/a | AO14: n/a | AP14: n/a | AQ14: n/a | AR14: n/a | AS14: n/a | AT14: n/a | AU14: n/a | AV14: n/a | AW14: n/a | AX14: n/a | AY14: n/a | AZ14: n/a | BA14: n/a | BB14: n/a | BC14: n/a
A15: 양극재1팀 | B15: 분석/측정 실험 | C15: =SUMIFS('소재개발 실험항목_Total_AX팀 관리'!$V$5:$V$1558,'소재개발 실험항목_Total_AX팀 관리'!$C$5:$C$1558,$A15,'소재개발 실험항목_Total_AX팀 관리'!$D$5:$D$1558,$B15) -> 2390.4 | D15: =SUMIFS('소재개발 실험항목_Total_AX팀 관리'!$Y$5:$Y$1558,'소재개발 실험항목_Total_AX팀 관리'!$C$5:$C$1558,$A15,'소재개발 실험항목_Total_AX팀 관리'!$D$5:$D$1558,$B15) -> 4041.6 | E15: =C15/1760 -> 1.3581818 | F15: =D15/1760 -> 2.2963636 | H15: 분리막 1팀 | I15: 분석/측정 실험 | J15: 슬러리 분석 | K15: =SUMIFS('소재개발 실험항목_Total_AX팀 관리'!$V$5:$V$1558,'소재개발 실험항목_Total_AX팀 관리'!$C$5:$C$1558,$H15,'소재개발 실험항목_Total_AX팀 관리'!$D$5:$D$1558,$I15,'소재개발 실험항목_Total_AX팀 관리'!$E$5:$E$1558,$J15) -> 771.84 | L15: =SUMIFS('소재개발 실험항목_Total_AX팀 관리'!$Y$5:$Y$1558,'소재개발 실험항목_Total_AX팀 관리'!$C$5:$C$1558,$H15,'소재개발 실험항목_Total_AX팀 관리'!$D$5:$D$1558,$I15,'소재개발 실험항목_Total_AX팀 관리'!$E$5:$E$1558,$J15) -> 771.84 | M15: =K15/1760 -> 0.43854545 | N15: =L15/1760 -> 0.43854545 | P15: 리사이클 | Q15: 분석/측정 실험 | R15: 활물질 분석 | S15: FT-IR 분석 | T15: {=_xlfn.TEXTJOIN("→",TRUE,_xlfn.UNIQUE(TRIM(CLEAN(_xlfn._xlws.FILTER('소재개발 실험항목_Total_AX팀 관리'!$H$5:$H$1558,('소재개발 실험항목_Total_AX팀 관리'!$C$5:$C$1558=$P15)*('소재개발 실험항목_Total_AX팀 관리'!$D$5:$D$1558=$Q15)*('소재개발 실험항목_Total_AX팀 관리'!$E$5:$E$1558=$R15)*('소재개발 실험항목_Total_AX팀 관리'!$F$5:$F$1558=$S15)*('소재개발 실험항목_Total_AX팀 관리'!$H$5:$H$1558<>""),"")))))} -> 분석팀 의뢰_미량(약 1g 수준) 시료 분석 의뢰, 분석팀 SOP 활용 | U15: =SUMIFS('소재개발 실험항목_Total_AX팀 관리'!$V$5:$V$1558,'소재개발 실험항목_Total_AX팀 관리'!$C$5:$C$1558,$P15,'소재개발 실험항목_Total_AX팀 관리'!$D$5:$D$1558,$Q15,'소재개발 실험항목_Total_AX팀 관리'!$E$5:$E$1558,$R15,'소재개발 실험항목_Total_AX팀 관리'!$F$5:$F$1558,$S15) -> 0 | V15: =SUMIFS('소재개발 실험항목_Total_AX팀 관리'!$Y$5:$Y$1558,'소재개발 실험항목_Total_AX팀 관리'!$C$5:$C$1558,$P15,'소재개발 실험항목_Total_AX팀 관리'!$D$5:$D$1558,$Q15,'소재개발 실험항목_Total_AX팀 관리'!$E$5:$E$1558,$R15,'소재개발 실험항목_Total_AX팀 관리'!$F$5:$F$1558,$S15) -> 0 | W15: =U15/1760 -> 0 | X15: =V15/1760 -> 0 | Z15: 분석/측정 실험 | AA15: 바인더 분석 | AB15: Particle size (DLS) | AC15: 샘플링→희석 샘플 준비→DLS 측정 | AD15: n/a | AE15: n/a | AF15: n/a | AG15: n/a | AH15: n/a | AI15: n/a | AJ15: n/a | AK15: n/a | AL15: n/a | AM15: n/a | AN15: n/a | AO15: n/a | AP15: n/a | AQ15: n/a | AR15: n/a | AS15: n/a | AT15: n/a | AU15: n/a | AV15: n/a | AW15: n/a | AX15: n/a | AY15: n/a | AZ15: n/a | BA15: n/a | BB15: n/a | BC15: n/a
A16: 양극재1팀 | B16: 샘플 제작 실험 | C16: =SUMIFS('소재개발 실험항목_Total_AX팀 관리'!$V$5:$V$1558,'소재개발 실험항목_Total_AX팀 관리'!$C$5:$C$1558,$A16,'소재개발 실험항목_Total_AX팀 관리'!$D$5:$D$1558,$B16) -> 5562.48 | D16: =SUMIFS('소재개발 실험항목_Total_AX팀 관리'!$Y$5:$Y$1558,'소재개발 실험항목_Total_AX팀 관리'!$C$5:$C$1558,$A16,'소재개발 실험항목_Total_AX팀 관리'!$D$5:$D$1558,$B16) -> 10556.64 | E16: =C16/1760 -> 3.1605 | F16: =D16/1760 -> 5.9980909 | H16: 분리막 1팀 | I16: 샘플 제작 실험 | J16: 분리막 제작 실험 | K16: =SUMIFS('소재개발 실험항목_Total_AX팀 관리'!$V$5:$V$1558,'소재개발 실험항목_Total_AX팀 관리'!$C$5:$C$1558,$H16,'소재개발 실험항목_Total_AX팀 관리'!$D$5:$D$1558,$I16,'소재개발 실험항목_Total_AX팀 관리'!$E$5:$E$1558,$J16) -> 537.6 | L16: =SUMIFS('소재개발 실험항목_Total_AX팀 관리'!$Y$5:$Y$1558,'소재개발 실험항목_Total_AX팀 관리'!$C$5:$C$1558,$H16,'소재개발 실험항목_Total_AX팀 관리'!$D$5:$D$1558,$I16,'소재개발 실험항목_Total_AX팀 관리'!$E$5:$E$1558,$J16) -> 537.6 | M16: =K16/1760 -> 0.30545455 | N16: =L16/1760 -> 0.30545455 | P16: 리사이클 | Q16: 분석/측정 실험 | R16: 활물질 분석 | S16: IC 분석 | T16: {=_xlfn.TEXTJOIN("→",TRUE,_xlfn.UNIQUE(TRIM(CLEAN(_xlfn._xlws.FILTER('소재개발 실험항목_Total_AX팀 관리'!$H$5:$H$1558,('소재개발 실험항목_Total_AX팀 관리'!$C$5:$C$1558=$P16)*('소재개발 실험항목_Total_AX팀 관리'!$D$5:$D$1558=$Q16)*('소재개발 실험항목_Total_AX팀 관리'!$E$5:$E$1558=$R16)*('소재개발 실험항목_Total_AX팀 관리'!$F$5:$F$1558=$S16)*('소재개발 실험항목_Total_AX팀 관리'!$H$5:$H$1558<>""),"")))))} -> 분석팀 의뢰_미량(약 1g 수준) 시료 분석 의뢰, 분석팀 SOP 활용 | U16: =SUMIFS('소재개발 실험항목_Total_AX팀 관리'!$V$5:$V$1558,'소재개발 실험항목_Total_AX팀 관리'!$C$5:$C$1558,$P16,'소재개발 실험항목_Total_AX팀 관리'!$D$5:$D$1558,$Q16,'소재개발 실험항목_Total_AX팀 관리'!$E$5:$E$1558,$R16,'소재개발 실험항목_Total_AX팀 관리'!$F$5:$F$1558,$S16) -> 0 | V16: =SUMIFS('소재개발 실험항목_Total_AX팀 관리'!$Y$5:$Y$1558,'소재개발 실험항목_Total_AX팀 관리'!$C$5:$C$1558,$P16,'소재개발 실험항목_Total_AX팀 관리'!$D$5:$D$1558,$Q16,'소재개발 실험항목_Total_AX팀 관리'!$E$5:$E$1558,$R16,'소재개발 실험항목_Total_AX팀 관리'!$F$5:$F$1558,$S16) -> 0 | W16: =U16/1760 -> 0 | X16: =V16/1760 -> 0 | Z16: 분석/측정 실험 | AA16: 바인더 분석 | AB16: pH 측정 | AC16: 샘플링→pH 장비 보정→샘플 pH 측정 | AD16: n/a | AE16: n/a | AF16: n/a | AG16: n/a | AH16: n/a | AI16: n/a | AJ16: n/a | AK16: n/a | AL16: n/a | AM16: n/a | AN16: n/a | AO16: n/a | AP16: n/a | AQ16: n/a | AR16: n/a | AS16: n/a | AT16: n/a | AU16: n/a | AV16: n/a | AW16: n/a | AX16: n/a | AY16: n/a | AZ16: n/a | BA16: n/a | BB16: n/a | BC16: n/a
A17: 양극재1팀 | B17: 전기화학평가 | C17: =SUMIFS('소재개발 실험항목_Total_AX팀 관리'!$V$5:$V$1558,'소재개발 실험항목_Total_AX팀 관리'!$C$5:$C$1558,$A17,'소재개발 실험항목_Total_AX팀 관리'!$D$5:$D$1558,$B17) -> 1631.4 | D17: =SUMIFS('소재개발 실험항목_Total_AX팀 관리'!$Y$5:$Y$1558,'소재개발 실험항목_Total_AX팀 관리'!$C$5:$C$1558,$A17,'소재개발 실험항목_Total_AX팀 관리'!$D$5:$D$1558,$B17) -> 4539 | E17: =C17/1760 -> 0.92693182 | F17: =D17/1760 -> 2.5789773 | H17: 분리막 1팀 | I17: 샘플 제작 실험 | J17: 선분산/슬러리 제작 | K17: =SUMIFS('소재개발 실험항목_Total_AX팀 관리'!$V$5:$V$1558,'소재개발 실험항목_Total_AX팀 관리'!$C$5:$C$1558,$H17,'소재개발 실험항목_Total_AX팀 관리'!$D$5:$D$1558,$I17,'소재개발 실험항목_Total_AX팀 관리'!$E$5:$E$1558,$J17) -> 768 | L17: =SUMIFS('소재개발 실험항목_Total_AX팀 관리'!$Y$5:$Y$1558,'소재개발 실험항목_Total_AX팀 관리'!$C$5:$C$1558,$H17,'소재개발 실험항목_Total_AX팀 관리'!$D$5:$D$1558,$I17,'소재개발 실험항목_Total_AX팀 관리'!$E$5:$E$1558,$J17) -> 768 | M17: =K17/1760 -> 0.43636364 | N17: =L17/1760 -> 0.43636364 | P17: 리사이클 | Q17: 분석/측정 실험 | R17: 활물질 분석 | S17: ICP 분석_x000D_ | T17: {=_xlfn.TEXTJOIN("→",TRUE,_xlfn.UNIQUE(TRIM(CLEAN(_xlfn._xlws.FILTER('소재개발 실험항목_Total_AX팀 관리'!$H$5:$H$1558,('소재개발 실험항목_Total_AX팀 관리'!$C$5:$C$1558=$P17)*('소재개발 실험항목_Total_AX팀 관리'!$D$5:$D$1558=$Q17)*('소재개발 실험항목_Total_AX팀 관리'!$E$5:$E$1558=$R17)*('소재개발 실험항목_Total_AX팀 관리'!$F$5:$F$1558=$S17)*('소재개발 실험항목_Total_AX팀 관리'!$H$5:$H$1558<>""),"")))))} -> 분석 담당 의뢰중 | U17: =SUMIFS('소재개발 실험항목_Total_AX팀 관리'!$V$5:$V$1558,'소재개발 실험항목_Total_AX팀 관리'!$C$5:$C$1558,$P17,'소재개발 실험항목_Total_AX팀 관리'!$D$5:$D$1558,$Q17,'소재개발 실험항목_Total_AX팀 관리'!$E$5:$E$1558,$R17,'소재개발 실험항목_Total_AX팀 관리'!$F$5:$F$1558,$S17) -> 0 | V17: =SUMIFS('소재개발 실험항목_Total_AX팀 관리'!$Y$5:$Y$1558,'소재개발 실험항목_Total_AX팀 관리'!$C$5:$C$1558,$P17,'소재개발 실험항목_Total_AX팀 관리'!$D$5:$D$1558,$Q17,'소재개발 실험항목_Total_AX팀 관리'!$E$5:$E$1558,$R17,'소재개발 실험항목_Total_AX팀 관리'!$F$5:$F$1558,$S17) -> 0 | W17: =U17/1760 -> 0 | X17: =V17/1760 -> 0 | Z17: 분석/측정 실험 | AA17: 바인더 분석 | AB17: Tg 측정 (DSC) | AC17: 샘플링 및 건조→샘플 로딩 / DSC 측정조건 설정→DSC 측정 | AD17: n/a | AE17: n/a | AF17: n/a | AG17: n/a | AH17: n/a | AI17: n/a | AJ17: n/a | AK17: n/a | AL17: n/a | AM17: n/a | AN17: n/a | AO17: n/a | AP17: n/a | AQ17: n/a | AR17: n/a | AS17: n/a | AT17: n/a | AU17: n/a | AV17: n/a | AW17: n/a | AX17: n/a | AY17: n/a | AZ17: n/a | BA17: n/a | BB17: n/a | BC17: n/a
A18: 양극재2팀 | B18: 분석/측정 실험 | C18: =SUMIFS('소재개발 실험항목_Total_AX팀 관리'!$V$5:$V$1558,'소재개발 실험항목_Total_AX팀 관리'!$C$5:$C$1558,$A18,'소재개발 실험항목_Total_AX팀 관리'!$D$5:$D$1558,$B18) -> 3866.4 | D18: =SUMIFS('소재개발 실험항목_Total_AX팀 관리'!$Y$5:$Y$1558,'소재개발 실험항목_Total_AX팀 관리'!$C$5:$C$1558,$A18,'소재개발 실험항목_Total_AX팀 관리'!$D$5:$D$1558,$B18) -> 14990.4 | E18: =C18/1760 -> 2.1968182 | F18: =D18/1760 -> 8.5172727 | H18: 분리막 1팀 | I18: 샘플 제작 실험 | J18: 셀 제작 | K18: =SUMIFS('소재개발 실험항목_Total_AX팀 관리'!$V$5:$V$1558,'소재개발 실험항목_Total_AX팀 관리'!$C$5:$C$1558,$H18,'소재개발 실험항목_Total_AX팀 관리'!$D$5:$D$1558,$I18,'소재개발 실험항목_Total_AX팀 관리'!$E$5:$E$1558,$J18) -> 2505.6 | L18: =SUMIFS('소재개발 실험항목_Total_AX팀 관리'!$Y$5:$Y$1558,'소재개발 실험항목_Total_AX팀 관리'!$C$5:$C$1558,$H18,'소재개발 실험항목_Total_AX팀 관리'!$D$5:$D$1558,$I18,'소재개발 실험항목_Total_AX팀 관리'!$E$5:$E$1558,$J18) -> 5011.2 | M18: =K18/1760 -> 1.4236364 | N18: =L18/1760 -> 2.8472727 | P18: 리사이클 | Q18: 분석/측정 실험 | R18: 활물질 분석 | S18: PD 측정기 (HAN TECH CO.) | T18: {=_xlfn.TEXTJOIN("→",TRUE,_xlfn.UNIQUE(TRIM(CLEAN(_xlfn._xlws.FILTER('소재개발 실험항목_Total_AX팀 관리'!$H$5:$H$1558,('소재개발 실험항목_Total_AX팀 관리'!$C$5:$C$1558=$P18)*('소재개발 실험항목_Total_AX팀 관리'!$D$5:$D$1558=$Q18)*('소재개발 실험항목_Total_AX팀 관리'!$E$5:$E$1558=$R18)*('소재개발 실험항목_Total_AX팀 관리'!$F$5:$F$1558=$S18)*('소재개발 실험항목_Total_AX팀 관리'!$H$5:$H$1558<>""),"")))))} -> 장비 calibration→몰드 내 샘플 투입 및 장비 투입→샘플 측정→클리닝 | U18: =SUMIFS('소재개발 실험항목_Total_AX팀 관리'!$V$5:$V$1558,'소재개발 실험항목_Total_AX팀 관리'!$C$5:$C$1558,$P18,'소재개발 실험항목_Total_AX팀 관리'!$D$5:$D$1558,$Q18,'소재개발 실험항목_Total_AX팀 관리'!$E$5:$E$1558,$R18,'소재개발 실험항목_Total_AX팀 관리'!$F$5:$F$1558,$S18) -> 576 | V18: =SUMIFS('소재개발 실험항목_Total_AX팀 관리'!$Y$5:$Y$1558,'소재개발 실험항목_Total_AX팀 관리'!$C$5:$C$1558,$P18,'소재개발 실험항목_Total_AX팀 관리'!$D$5:$D$1558,$Q18,'소재개발 실험항목_Total_AX팀 관리'!$E$5:$E$1558,$R18,'소재개발 실험항목_Total_AX팀 관리'!$F$5:$F$1558,$S18) -> 672 | W18: =U18/1760 -> 0.32727273 | X18: =V18/1760 -> 0.38181818 | Z18: 분석/측정 실험 | AA18: 분리막 분석 실험 | AB18: 기공구조분석 | AC18: 분리막 샘플링→원단의 기공 사이즈 확인 및 압축 전/후의 원단의 기공 변형 정도를 파악→Data 분석 및 추출 | AD18: n/a | AE18: n/a | AF18: n/a | AG18: n/a | AH18: n/a | AI18: n/a | AJ18: n/a | AK18: n/a | AL18: n/a | AM18: n/a | AN18: n/a | AO18: n/a | AP18: n/a | AQ18: n/a | AR18: n/a | AS18: n/a | AT18: 0.04 | AU18: 0.04 | AV18: 0.38 | AW18: 0.38 | AX18: n/a | AY18: n/a | AZ18: n/a | BA18: n/a | BB18: n/a | BC18: n/a
A19: 양극재2팀 | B19: 샘플 제작 실험 | C19: =SUMIFS('소재개발 실험항목_Total_AX팀 관리'!$V$5:$V$1558,'소재개발 실험항목_Total_AX팀 관리'!$C$5:$C$1558,$A19,'소재개발 실험항목_Total_AX팀 관리'!$D$5:$D$1558,$B19) -> 3970.8 | D19: =SUMIFS('소재개발 실험항목_Total_AX팀 관리'!$Y$5:$Y$1558,'소재개발 실험항목_Total_AX팀 관리'!$C$5:$C$1558,$A19,'소재개발 실험항목_Total_AX팀 관리'!$D$5:$D$1558,$B19) -> 15883.2 | E19: =C19/1760 -> 2.2561364 | F19: =D19/1760 -> 9.0245455 | H19: 분리막 1팀 | I19: 전기화학평가 | J19: 셀 평가_모노셀 | K19: =SUMIFS('소재개발 실험항목_Total_AX팀 관리'!$V$5:$V$1558,'소재개발 실험항목_Total_AX팀 관리'!$C$5:$C$1558,$H19,'소재개발 실험항목_Total_AX팀 관리'!$D$5:$D$1558,$I19,'소재개발 실험항목_Total_AX팀 관리'!$E$5:$E$1558,$J19) -> 614.4 | L19: =SUMIFS('소재개발 실험항목_Total_AX팀 관리'!$Y$5:$Y$1558,'소재개발 실험항목_Total_AX팀 관리'!$C$5:$C$1558,$H19,'소재개발 실험항목_Total_AX팀 관리'!$D$5:$D$1558,$I19,'소재개발 실험항목_Total_AX팀 관리'!$E$5:$E$1558,$J19) -> 1228.8 | M19: =K19/1760 -> 0.34909091 | N19: =L19/1760 -> 0.69818182 | P19: 리사이클 | Q19: 분석/측정 실험 | R19: 활물질 분석 | S19: PSD 분석 | T19: {=_xlfn.TEXTJOIN("→",TRUE,_xlfn.UNIQUE(TRIM(CLEAN(_xlfn._xlws.FILTER('소재개발 실험항목_Total_AX팀 관리'!$H$5:$H$1558,('소재개발 실험항목_Total_AX팀 관리'!$C$5:$C$1558=$P19)*('소재개발 실험항목_Total_AX팀 관리'!$D$5:$D$1558=$Q19)*('소재개발 실험항목_Total_AX팀 관리'!$E$5:$E$1558=$R19)*('소재개발 실험항목_Total_AX팀 관리'!$F$5:$F$1558=$S19)*('소재개발 실험항목_Total_AX팀 관리'!$H$5:$H$1558<>""),"")))))} -> 샘플링→장비세팅→전처리→샘플 loading 및 측정→장비 세척 및 정리→Data 정리 | U19: =SUMIFS('소재개발 실험항목_Total_AX팀 관리'!$V$5:$V$1558,'소재개발 실험항목_Total_AX팀 관리'!$C$5:$C$1558,$P19,'소재개발 실험항목_Total_AX팀 관리'!$D$5:$D$1558,$Q19,'소재개발 실험항목_Total_AX팀 관리'!$E$5:$E$1558,$R19,'소재개발 실험항목_Total_AX팀 관리'!$F$5:$F$1558,$S19) -> 936 | V19: =SUMIFS('소재개발 실험항목_Total_AX팀 관리'!$Y$5:$Y$1558,'소재개발 실험항목_Total_AX팀 관리'!$C$5:$C$1558,$P19,'소재개발 실험항목_Total_AX팀 관리'!$D$5:$D$1558,$Q19,'소재개발 실험항목_Total_AX팀 관리'!$E$5:$E$1558,$R19,'소재개발 실험항목_Total_AX팀 관리'!$F$5:$F$1558,$S19) -> 1092 | W19: =U19/1760 -> 0.53181818 | X19: =V19/1760 -> 0.62045455 | Z19: 분석/측정 실험 | AA19: 분리막 분석 실험 | AB19: 내압축성 분석 | AC19: 분리막 타발→내압축전 두께/통기도 측정→heat press 진행→압축 후 두께/통기도 측정 | AD19: n/a | AE19: n/a | AF19: n/a | AG19: n/a | AH19: n/a | AI19: n/a | AJ19: n/a | AK19: n/a | AL19: n/a | AM19: n/a | AN19: n/a | AO19: n/a | AP19: n/a | AQ19: n/a | AR19: n/a | AS19: n/a | AT19: 0.82 | AU19: 12.27 | AV19: 1.2 | AW19: 10.8 | AX19: n/a | AY19: n/a | AZ19: n/a | BA19: n/a | BB19: n/a | BC19: n/a
A20: 양극재2팀 | B20: 전기화학평가 | C20: =SUMIFS('소재개발 실험항목_Total_AX팀 관리'!$V$5:$V$1558,'소재개발 실험항목_Total_AX팀 관리'!$C$5:$C$1558,$A20,'소재개발 실험항목_Total_AX팀 관리'!$D$5:$D$1558,$B20) -> 663.6 | D20: =SUMIFS('소재개발 실험항목_Total_AX팀 관리'!$Y$5:$Y$1558,'소재개발 실험항목_Total_AX팀 관리'!$C$5:$C$1558,$A20,'소재개발 실험항목_Total_AX팀 관리'!$D$5:$D$1558,$B20) -> 2654.4 | E20: =C20/1760 -> 0.37704545 | F20: =D20/1760 -> 1.5081818 | H20: 분리막 2팀 | I20: 분석/측정 실험 | J20: 분리막 분석 실험 | K20: =SUMIFS('소재개발 실험항목_Total_AX팀 관리'!$V$5:$V$1558,'소재개발 실험항목_Total_AX팀 관리'!$C$5:$C$1558,$H20,'소재개발 실험항목_Total_AX팀 관리'!$D$5:$D$1558,$I20,'소재개발 실험항목_Total_AX팀 관리'!$E$5:$E$1558,$J20) -> 23610.307 | L20: =SUMIFS('소재개발 실험항목_Total_AX팀 관리'!$Y$5:$Y$1558,'소재개발 실험항목_Total_AX팀 관리'!$C$5:$C$1558,$H20,'소재개발 실험항목_Total_AX팀 관리'!$D$5:$D$1558,$I20,'소재개발 실험항목_Total_AX팀 관리'!$E$5:$E$1558,$J20) -> 73855.535 | M20: =K20/1760 -> 13.414947 | N20: =L20/1760 -> 41.963372 | P20: 리사이클 | Q20: 분석/측정 실험 | R20: 활물질 분석 | S20: RAMAN | T20: {=_xlfn.TEXTJOIN("→",TRUE,_xlfn.UNIQUE(TRIM(CLEAN(_xlfn._xlws.FILTER('소재개발 실험항목_Total_AX팀 관리'!$H$5:$H$1558,('소재개발 실험항목_Total_AX팀 관리'!$C$5:$C$1558=$P20)*('소재개발 실험항목_Total_AX팀 관리'!$D$5:$D$1558=$Q20)*('소재개발 실험항목_Total_AX팀 관리'!$E$5:$E$1558=$R20)*('소재개발 실험항목_Total_AX팀 관리'!$F$5:$F$1558=$S20)*('소재개발 실험항목_Total_AX팀 관리'!$H$5:$H$1558<>""),"")))))} -> 분석팀 의뢰_미량(약 1g 수준) 시료 분석 의뢰, 분석팀 SOP 활용 | U20: =SUMIFS('소재개발 실험항목_Total_AX팀 관리'!$V$5:$V$1558,'소재개발 실험항목_Total_AX팀 관리'!$C$5:$C$1558,$P20,'소재개발 실험항목_Total_AX팀 관리'!$D$5:$D$1558,$Q20,'소재개발 실험항목_Total_AX팀 관리'!$E$5:$E$1558,$R20,'소재개발 실험항목_Total_AX팀 관리'!$F$5:$F$1558,$S20) -> 0 | V20: =SUMIFS('소재개발 실험항목_Total_AX팀 관리'!$Y$5:$Y$1558,'소재개발 실험항목_Total_AX팀 관리'!$C$5:$C$1558,$P20,'소재개발 실험항목_Total_AX팀 관리'!$D$5:$D$1558,$Q20,'소재개발 실험항목_Total_AX팀 관리'!$E$5:$E$1558,$R20,'소재개발 실험항목_Total_AX팀 관리'!$F$5:$F$1558,$S20) -> 0 | W20: =U20/1760 -> 0 | X20: =V20/1760 -> 0 | Z20: 분석/측정 실험 | AA20: 분리막 분석 실험 | AB20: 분리막 단면 분석 (SEM) | AC20: 분리막 이온 밀링을 위한 샘플링을 진행한 후 단면 cutting을 진행한다.→SEM 장비를 통해 milling 된 분리막의 단면을 관측한다. | AD20: n/a | AE20: n/a | AF20: n/a | AG20: n/a | AH20: n/a | AI20: n/a | AJ20: n/a | AK20: n/a | AL20: n/a | AM20: n/a | AN20: n/a | AO20: n/a | AP20: n/a | AQ20: n/a | AR20: n/a | AS20: n/a | AT20: n/a | AU20: n/a | AV20: 0.23 | AW20: 0.23 | AX20: n/a | AY20: n/a | AZ20: n/a | BA20: n/a | BB20: n/a | BC20: n/a
